NM_MUN;CODMUN;0a4anos;5a9anos;10a14anos;15a19anos;20a29anos;30a39anos;40a49anos;50a59anos;60a69anos;70a79anos;80anosemais
ADAMANTINA;350010;1850;1991;1944;2017;4466;5194;5164;4869;4231;2567;1349
ADOLFO;350020;259;297;295;280;560;624;585;607;534;323;114
AGUAI;350030;2038;2254;2272;2300;4775;4778;4780;3956;3236;1791;708
AGUAS DA PRATA;350040;343;434;437;405;799;949;1067;972;1033;654;377
AGUAS DE LINDOIA;350050;811;991;1087;1103;2221;2448;2817;2565;2196;1365;641
AGUAS DE SANTA BARBARA;350055;395;481;543;521;891;942;1018;969;891;532;224
AGUAS DE SAO PEDRO;350060;99;128;156;151;306;312;373;364;446;307;187
AGUDOS;350070;2427;2747;2777;2610;5335;5787;5912;4681;3656;2044;903
ALAMBARI;350075;389;447;464;439;876;933;918;710;680;364;110
ALFREDO MARCONDES;350080;259;283;284;272;558;581;646;608;531;349;185
ALTAIR;350090;200;241;244;235;471;495;537;433;338;201;84
ALTINOPOLIS;350100;1028;1158;1147;1097;2375;2482;2519;2004;1757;1075;514
ALTO ALEGRE;350110;167;201;233;221;406;492;581;539;504;370;169
ALUMINIO;350115;1087;1252;1250;1290;2585;2592;2711;2144;1515;838;327
ALVARES FLORENCE;350120;176;204;232;240;434;442;542;563;595;381;169
ALVARES MACHADO;350130;1819;2029;1883;1829;3994;4095;4008;3587;2757;1554;695
ALVARO DE CARVALHO;350140;191;217;233;238;880;1133;889;460;363;212;80
ALVINLANDIA;350150;168;198;208;204;410;376;438;381;297;166;77
AMERICANA;350160;13121;14824;14667;14759;32839;38946;38838;31940;25916;14344;6461
AMERICO BRASILIENSE;350170;1948;2270;2334;2403;5182;5038;5353;4336;2923;1441;529
AMERICO DE CAMPOS;350180;290;322;361;365;772;749;858;828;761;454;215
AMPARO;350190;3531;4199;4051;4073;9228;10640;11022;8920;7397;4451;2205
ANALANDIA;350200;293;334;325;314;613;662;713;547;495;253;135
ANDRADINA;350210;3306;3800;3814;3746;8179;9176;9220;7989;6558;3895;1790
ANGATUBA;350220;1588;1769;1729;1683;3410;3496;3463;3079;2481;1307;507
ANHEMBI;350230;373;405;438;459;778;725;812;722;606;335;113
ANHUMAS;350240;250;283;271;265;537;571;582;528;426;257;138
APARECIDA;350250;1813;2111;2077;2119;4524;4813;4850;4381;3712;2015;808
APARECIDA D'OESTE;350260;187;229;233;235;487;445;574;653;565;359;157
APIAI;350270;1497;1769;1830;1813;3533;3546;3594;3168;2339;1297;500
ARACARIGUAMA;350275;1673;1761;1651;1699;3480;3464;3116;2405;1745;878;296
ARACATUBA;350280;11153;12882;12902;12398;27994;30874;31949;27169;21876;12773;5805
ARACOIABA DA SERRA;350290;1591;2028;2157;2127;4037;4381;5180;4716;4397;2249;793
ARAMINA;350300;284;353;381;360;684;800;765;734;629;345;191
ARANDU;350310;482;522;507;478;989;1004;973;842;699;395;159
ARAPEI;350315;118;136;162;163;297;286;309;350;315;153;66
ARARAQUARA;350320;13545;15730;15784;15543;34901;39502;39480;31159;25406;14513;6755
ARARAS;350330;7515;8579;8499;8401;18544;20877;20780;17120;13773;7715;3528
ARCO-IRIS;350335;124;153;139;135;263;270;282;268;245;142;64
AREALVA;350340;443;508;506;503;985;1013;1132;1073;1125;689;303
AREIAS;350350;225;249;249;255;482;483;546;449;382;197;108
AREIOPOLIS;350360;646;722;755;755;1555;1555;1496;1340;840;416;177
ARIRANHA;350370;364;436;450;493;975;1037;1230;1055;865;527;221
ARTUR NOGUEIRA;350380;3283;3657;3673;3758;8056;8262;8071;6332;4724;2401;940
ARUJA;350390;5483;6394;6505;6556;13604;13333;13983;10772;7941;3944;1428
ASPASIA;350395;104;121;117;111;206;211;261;295;220;158;69
ASSIS;350400;5477;6613;6768;6598;14424;15481;15813;13522;10940;6191;2815
ATIBAIA;350410;9678;11223;11058;10432;21788;24946;26510;20567;16229;9317;4295
AURIFLAMA;350420;690;834;841;833;1690;1921;2055;1938;1641;976;454
AVAI;350430;293;322;313;296;604;642;619;577;495;269;89
AVANHANDAVA;350440;631;726;774;791;2092;1854;1583;1278;966;523;220
AVARE;350450;5838;6649;6446;6353;13695;14432;14483;11494;9146;5269;2293
BADY BASSITT;350460;2115;2123;1948;1778;4168;5266;4552;3102;2231;1130;496
BALBINOS;350470;73;87;91;103;743;1284;897;339;189;112;45
BALSAMO;350480;509;570;611;619;1290;1421;1485;1349;1073;636;291
BANANAL;350490;605;630;625;688;1362;1359;1441;1356;1086;668;289
BARAO DE ANTONINA;350500;244;260;272;262;477;471;479;421;397;236;99
BARBOSA;350510;344;397;394;390;779;780;736;719;611;360;149
BARIRI;350520;1911;2106;2047;2059;4450;4548;4637;4049;3584;2047;967
BARRA BONITA;350530;1614;1866;1963;2010;4202;5030;5668;5132;4217;2351;1106
BARRA DO CHAPEU;350535;373;377;388;410;772;721;768;622;468;249;108
BARRA DO TURVO;350540;461;489;542;548;808;864;955;864;760;434;197
BARRETOS;350550;7195;8325;8009;7776;17586;20168;19544;15452;12451;7027;3067
BARRINHA;350560;2298;2490;2497;2551;5202;5307;5033;3679;2529;1154;441
BARUERI;350570;19851;24740;24777;23722;48282;54905;57563;36489;24466;11661;3883
BASTOS;350580;1248;1419;1450;1486;3016;2964;3062;2998;2350;1311;596
BATATAIS;350590;3363;3736;3774;3816;8265;8864;8734;7304;6365;3842;1810
BAURU;350600;22118;24983;24675;25173;58528;59866;59351;47360;37782;21675;10229
BEBEDOURO;350610;4488;4961;4859;4793;10245;11552;11959;10046;8065;4941;2301
BENTO DE ABREU;350620;167;200;187;167;347;379;372;357;252;142;72
BERNARDINO DE CAMPOS;350630;631;707;689;677;1729;2040;1646;1407;1171;745;410
BERTIOGA;350635;4607;5099;5001;4982;10246;10157;10176;7652;5452;2668;833
BILAC;350640;365;459;476;439;915;1011;1103;1014;851;562;260
BIRIGUI;350650;6679;7834;7960;7739;16451;18022;19093;16713;12395;7062;3040
BIRITIBA-MIRIM;350660;1832;2094;2177;2265;4531;4251;4283;3819;2911;1713;650
BOA ESPERANCA DO SUL;350670;866;976;946;908;1898;1849;1919;1582;1233;697;261
BOCAINA;350680;630;758;783;764;1577;1679;1796;1418;1122;654;286
BOFETE;350690;589;710;724;728;1349;1297;1505;1418;1294;760;314
BOITUVA;350700;3826;4396;4424;4296;8919;9982;9941;7363;5769;3233;1266
BOM JESUS DOS PERDOES;350710;1411;1557;1565;1565;3321;3514;3462;2616;1972;1077;441
BOM SUCESSO DE ITARARE;350715;277;299;290;290;582;522;494;404;276;134;42
BORA;350720;63;65;60;58;101;123;135;119;108;65;31
BORACEIA;350730;329;355;360;359;698;725;659;560;438;240;100
BORBOREMA;350740;690;843;870;895;1799;1893;2170;2004;1771;1000;480
BOREBI;350745;184;236;219;226;394;405;391;318;243;121;50
BOTUCATU;350750;8360;9736;9838;10072;22049;23028;22731;17664;14414;8496;4054
BRAGANCA PAULISTA;350760;10287;11755;11657;11727;26481;28946;29240;22652;17507;10047;4335
BRAUNA;350770;374;382;363;361;752;709;743;669;557;335;221
BREJO ALEGRE;350775;131;163;174;167;324;327;421;354;300;178;66
BRODOWSKI;350780;1627;1788;1719;1739;3725;4059;3793;3175;2458;1427;657
BROTAS;350790;1407;1566;1554;1663;3309;3493;3651;3205;2433;1436;706
BURI;350800;1546;1668;1682;1680;3099;3045;2821;2253;1677;873;330
BURITAMA;350810;902;1088;1196;1136;2107;2309;2458;2519;2174;1217;491
BURITIZAL;350820;252;286;282;299;559;610;693;544;470;286;166
CABRALIA PAULISTA;350830;264;296;296;305;614;621;625;573;427;243;98
CABREUVA;350840;3285;3595;3554;3594;7675;7618;7199;5605;3767;1874;707
CACAPAVA;350850;6035;6811;6788;6583;13352;14842;15605;12358;9740;5330;2234
CACHOEIRA PAULISTA;350860;1933;2230;2239;2239;4305;4421;4934;4086;3333;1959;803
CACONDE;350870;993;1073;1061;1146;2353;2232;2357;2194;2033;1252;572
CAFELANDIA;350880;1002;1129;1171;1139;2121;2356;2490;2134;1799;1072;492
CAIABU;350890;198;221;246;216;428;526;494;539;495;258;124
CAIEIRAS;350900;5736;6668;7013;7117;14574;14645;15050;12797;8853;4313;1491
CAIUA;350910;208;237;277;329;1089;985;721;720;594;295;130
CAJAMAR;350920;6903;7571;7230;7009;14979;16790;16179;10411;6341;2950;1000
CAJATI;350925;1992;2289;2332;2232;4234;4113;4258;3356;2472;1353;626
CAJOBI;350930;477;551;566;585;1170;1297;1382;1208;1039;672;285
CAJURU;350940;1421;1614;1723;1713;3433;3602;3438;2958;2374;1329;612
CAMPINA DO MONTE ALEGRE;350945;401;397;394;407;860;847;866;778;632;364;131
CAMPINAS;350950;63130;72677;72872;73443;173530;183847;182240;147006;116965;68320;31947
CAMPO LIMPO PAULISTA;350960;4608;5550;5761;5649;11514;11683;12082;9854;7543;3927;1492
CAMPOS DO JORDAO;350970;2872;3298;3321;3349;7176;7098;7155;6129;4476;2253;856
CAMPOS NOVOS PAULISTA;350980;342;371;321;338;740;653;694;621;494;301;116
CANANEIA;350990;755;867;888;897;1642;1628;1825;1557;1311;778;341
CANAS;350995;365;400;392;380;767;751;722;548;451;209;64
CANDIDO MOTA;351000;1668;1882;1976;1951;3887;4290;4268;4031;3432;1907;880
CANDIDO RODRIGUES;351010;141;153;155;171;376;410;428;396;366;219;136
CANITAR;351015;536;537;488;505;1155;989;923;660;417;220;94
CAPAO BONITO;351020;2907;3345;3371;3518;6910;6886;7099;5630;4260;2462;1015
CAPELA DO ALTO;351030;1496;1644;1555;1508;4011;3993;3375;2611;2003;1021;380
CAPIVARI;351040;3074;3461;3454;3558;7318;7699;7770;6458;4818;2604;1104
CARAGUATATUBA;351050;8924;10263;10264;9853;19344;20700;21476;16878;13194;7346;2842
CARAPICUIBA;351060;24282;28890;29004;29304;61740;60648;62077;47305;32459;17061;5692
CARDOSO;351070;525;647;717;732;1278;1440;1638;1592;1528;973;421
CASA BRANCA;351080;1570;1735;1863;1881;4031;4368;4319;3505;3002;1773;739
CASSIA DOS COQUEIROS;351090;127;160;173;171;346;372;405;401;368;203;129
CASTILHO;351100;1173;1406;1485;1397;2585;2682;2982;2765;2206;1225;512
CATANDUVA;351110;6218;7213;7365;7195;15365;17784;18426;15618;12727;7530;3731
CATIGUA;351120;354;444;484;482;892;1047;1115;960;735;430;162
CEDRAL;351130;817;867;874;857;1731;2164;2086;1532;1168;716;348
CERQUEIRA CESAR;351140;1335;1503;1524;1537;3194;3696;3184;2495;1973;1122;513
CERQUILHO;351150;2516;2946;3019;2976;6322;7032;7433;5726;4479;2694;1074
CESARIO LANGE;351160;1181;1356;1362;1346;2976;3135;2887;2206;1721;1005;413
CHARQUEADA;351170;983;1102;1089;1056;2228;2407;2302;1947;1513;834;337
CLEMENTINA;351190;459;507;525;530;953;1098;978;804;693;379;161
COLINA;351200;1110;1331;1244;1205;2561;2766;2737;2472;1861;1088;467
COLOMBIA;351210;422;503;537;496;851;910;1011;881;673;358;139
CONCHAL;351220;2061;2128;2013;2078;4591;4515;4112;3285;2362;1306;583
CONCHAS;351230;820;974;1037;1017;1968;2073;2146;1998;1843;1036;469
CORDEIROPOLIS;351240;1579;1789;1747;1707;3810;4027;3794;2927;2059;1173;518
COROADOS;351250;281;376;383;339;667;775;849;743;591;341;153
CORONEL MACEDO;351260;221;259;278;281;561;561;615;559;536;306;118
CORUMBATAI;351270;268;302;298;295;608;684;578;512;424;234;82
COSMOPOLIS;351280;3582;4031;4185;4191;8845;9557;9404;7680;5626;2954;1149
COSMORAMA;351290;542;588;566;567;1263;1256;1241;1060;965;623;297
COTIA;351300;18791;22045;21821;20583;40848;45938;47490;32591;22212;10794;3891
CRAVINHOS;351310;1867;2156;2186;2337;4953;5051;5217;4374;3486;1842;783
CRISTAIS PAULISTA;351320;633;699;661;641;1276;1402;1395;1167;964;485;220
CRUZALIA;351330;106;116;133;124;239;269;307;293;302;150;90
CRUZEIRO;351340;4250;4887;5128;5118;10176;10610;11433;9788;8489;4675;1959
CUBATAO;351350;7222;8384;8493;8623;17642;17117;17055;14024;9824;4812;1886
CUNHA;351360;1254;1365;1340;1385;2898;3047;3242;3257;2632;1435;601
DESCALVADO;351370;1663;1994;2027;2011;4276;4841;4996;4263;3489;2060;1002
DIADEMA;351380;21966;26442;27155;28092;61981;64270;65188;51240;34327;17336;6121
DIRCE REIS;351385;77;89;97;104;175;197;239;260;204;131;68
DIVINOLANDIA;351390;585;626;606;624;1402;1609;1704;1563;1425;867;303
DOBRADA;351400;551;641;683;656;1362;1531;1359;969;688;371;147
DOIS CORREGOS;351410;1484;1688;1771;1741;3205;3575;3702;3067;2506;1430;686
DOLCINOPOLIS;351420;103;127;134;151;275;297;306;334;289;153;81
DOURADO;351430;364;452;469;499;1067;1157;1264;1120;974;572;248
DRACENA;351440;2352;2695;2705;2678;6050;6843;7007;6174;5401;3173;1586
DUARTINA;351450;635;727;738;744;1552;1674;1811;1742;1519;944;443
DUMONT;351460;605;634;607;677;1590;1580;1485;1084;828;446;183
ECHAPORA;351470;416;435;422;396;842;868;824;826;678;400;188
ELDORADO;351480;934;1053;1062;1010;1732;1713;1822;1553;1181;734;368
ELIAS FAUSTO;351490;1167;1303;1282;1280;2703;2663;2638;2214;1697;830;326
ELISIARIO;351492;149;205;217;197;392;469;500;436;335;200;89
EMBAUBA;351495;107;130;156;157;248;328;352;327;301;166;81
EMBU DAS ARTES;351500;16333;19425;19853;19725;41056;40371;40051;29440;19859;10063;3147
EMBU-GUACU;351510;4206;5063;5210;5068;10107;9904;10610;8166;6120;3208;1143
EMILIANOPOLIS;351512;164;179;172;189;364;359;410;478;371;254;122
ENGENHEIRO COELHO;351515;1477;1509;1401;1519;3739;3351;2701;2038;1368;705;331
ESPIRITO SANTO DO PINHAL;351518;1936;2245;2370;2453;5543;5699;6089;5784;4627;2696;1239
ESPIRITO SANTO DO TURVO;351519;305;325;326;313;656;636;582;466;357;201;50
ESTRELA D'OESTE;351520;488;575;591;615;1382;1362;1448;1255;1034;614;291
ESTRELA DO NORTE;351530;156;180;202;193;341;386;359;382;310;151;89
EUCLIDES DA CUNHA PAULISTA;351535;441;522;590;584;913;990;1130;1214;858;454;232
FARTURA;351540;982;1096;1119;1106;2170;2433;2475;2106;1889;1121;487
FERNANDOPOLIS;351550;3924;4507;4383;4365;9923;10645;10924;9335;7985;4903;2392
FERNANDO PRESTES;351560;297;343;356;379;751;826;961;826;632;454;241
FERNAO;351565;105;123;110;115;210;238;252;189;167;122;58
FERRAZ DE VASCONCELOS;351570;12202;13944;13849;13771;29171;28912;27642;21855;14967;7034;2275
FLORA RICA;351580;66;82;90;92;154;174;187;228;208;149;62
FLOREAL;351590;96;133;144;154;280;307;378;415;415;288;146
FLORIDA PAULISTA;351600;641;716;729;763;2091;2177;1890;1642;1349;802;371
FLORINIA;351610;137;186;191;178;572;910;750;455;353;190;65
FRANCA;351620;21685;24489;23560;24189;53693;55453;53496;45155;34928;19334;8349
FRANCISCO MORATO;351630;12887;13652;13064;13310;28018;26810;23998;18102;13512;6124;1630
FRANCO DA ROCHA;351640;9433;10908;10828;10987;24122;24270;23793;16463;11300;5903;1779
GABRIEL MONTEIRO;351650;138;171;180;171;301;367;392;433;328;230;100
GALIA;351660;312;377;406;386;718;834;1008;886;767;515;226
GARCA;351670;2314;2607;2656;2765;5815;5983;6452;5657;4707;2900;1259
GASTAO VIDIGAL;351680;142;199;227;234;382;395;478;430;375;262;111
GAVIAO PEIXOTO;351685;340;362;347;340;668;735;686;576;429;219;95
GENERAL SALGADO;351690;495;630;660;632;1230;1374;1486;1467;1320;806;349
GETULINA;351700;450;536;581;612;1513;1743;1649;1289;1061;628;293
GLICERIO;351710;243;270;280;261;485;511;577;595;527;294;130
GUAICARA;351720;734;828;852;823;1577;1668;1658;1423;1102;560;234
GUAIMBE;351730;323;379;396;399;746;748;788;691;610;358;168
GUAIRA;351740;2260;2503;2589;2788;5597;5950;6175;5341;4063;2269;889
GUAPIACU;351750;1381;1546;1518;1509;3408;3456;3295;2617;1961;1140;485
GUAPIARA;351760;1017;1180;1236;1216;2277;2386;2457;2269;1831;991;396
GUARA;351770;1101;1255;1261;1394;2864;2582;2751;2291;1803;1082;406
GUARACAI;351780;317;377;421;447;845;894;1094;1152;982;628;329
GUARACI;351790;554;644;732;755;1395;1518;1547;1354;1084;667;292
GUARANI D'OESTE;351800;97;117;128;127;210;256;285;299;251;150;79
GUARANTA;351810;415;445;494;477;912;880;949;769;645;393;152
GUARARAPES;351820;1623;2000;2095;1983;3896;4545;4769;4367;3492;2048;1054
GUARAREMA;351830;1853;2225;2315;2259;4432;4590;4830;4098;3211;1906;717
GUARATINGUETA;351840;6713;7708;7741;7661;15975;17643;18533;16318;13001;7280;3137
GUAREI;351850;773;866;813;854;2616;2810;2417;1752;1325;719;323
GUARIBA;351860;2320;2632;2721;2833;5709;6122;5988;4571;3402;1615;696
GUARUJA;351870;17873;21046;21084;21096;44399;43572;44151;36825;26779;13171;4977
GUARULHOS;351880;82669;96635;95668;95673;205098;209929;208374;162723;112110;56020;20465
GUATAPARA;351885;450;531;551;543;993;1006;1090;901;763;467;167
GUZOLANDIA;351890;231;272;296;296;544;585;632;554;500;251;115
HERCULANDIA;351900;587;622;604;661;1316;1303;1337;1169;955;510;238
HOLAMBRA;351905;968;1089;1060;1094;2208;2326;2548;1906;1342;729;326
HORTOLANDIA;351907;15545;17644;17269;17137;39230;42203;38347;28311;19388;9018;3239
IACANGA;351910;629;711;716;692;1342;1526;1674;1387;1062;632;262
IACRI;351920;328;384;393;395;819;811;853;838;745;441;200
IARAS;351925;403;438;473;512;978;1354;1613;1204;803;371;108
IBATE;351930;2151;2406;2332;2411;4975;5244;5035;3930;2750;1324;552
IBIRA;351940;660;764;743;738;1489;1703;1792;1503;1335;797;410
IBIRAREMA;351950;348;433;431;433;850;852;920;893;672;416;213
IBITINGA;351960;3916;4176;4057;4038;8697;9449;9459;7567;5859;3245;1445
IBIUNA;351970;4922;5597;5544;5418;10687;10844;11445;9632;7754;4237;1571
ICEM;351980;358;454;467;478;1334;1271;1220;984;748;470;185
IEPE;351990;414;494;508;497;995;1009;1071;1086;908;514;243
IGARACU DO TIETE;352000;1305;1483;1553;1583;3097;3454;3651;3291;2476;1108;429
IGARAPAVA;352010;1492;1706;1743;1757;3481;3915;3893;3383;2898;1638;849
IGARATA;352020;680;760;724;738;1518;1557;1585;1325;1139;635;243
IGUAPE;352030;1654;1989;2153;2127;3649;3593;4184;4057;3482;2081;912
ILHABELA;352040;2175;2556;2574;2561;5317;5900;6188;4194;2823;1482;559
ILHA COMPRIDA;352042;722;886;908;844;1419;1509;1890;1873;2248;1286;370
ILHA SOLTEIRA;352044;1203;1468;1601;1631;3423;3430;3794;3891;3076;1906;817
INDAIATUBA;352050;15535;17834;17218;16735;36063;43387;44830;32619;24507;13545;5523
INDIANA;352060;298;332;330;323;680;727;739;716;572;336;138
INDIAPORA;352070;187;234;267;245;425;516;586;567;567;358;157
INUBIA PAULISTA;352080;191;212;220;235;472;472;553;518;447;234;117
IPAUSSU;352090;857;957;999;1010;1965;1944;1984;1683;1391;792;351
IPERO;352100;2504;2804;2717;2610;5934;6383;5689;4157;3138;1549;514
IPEUNA;352110;430;500;479;484;1077;1017;1021;837;631;367;156
IPIGUA;352115;443;503;543;460;887;1014;1002;921;713;391;160
IPORANGA;352120;250;303;340;323;513;574;598;493;404;193;100
IPUA;352130;879;988;945;1049;2273;2218;2299;1793;1300;696;251
IRACEMAPOLIS;352140;1327;1468;1448;1502;3296;3532;3499;2767;2084;1057;455
IRAPUA;352150;380;456;472;486;962;953;1004;842;752;457;182
IRAPURU;352160;290;333;349;398;1121;1194;1012;895;775;517;261
ITABERA;352170;1141;1253;1224;1226;2556;2692;2731;2230;1786;998;421
ITAI;352180;1703;1896;1872;1826;3532;3762;3947;3171;2476;1269;476
ITAJOBI;352190;1037;1085;1066;1133;2556;2501;2438;2104;1789;1181;530
ITAJU;352200;246;277;249;254;498;507;499;422;404;242;104
ITANHAEM;352210;6490;7919;8696;8425;14258;14707;16651;14863;14340;8266;2820
ITAOCA;352215;218;272;250;243;429;437;522;455;357;217;90
ITAPECERICA DA SERRA;352220;10237;12241;12767;12525;25039;24378;25181;19518;13226;6624;2192
ITAPETININGA;352230;10068;11290;11229;11557;25218;25110;24028;18695;14929;8236;3414
ITAPEVA;352240;5858;6626;6488;6627;13764;13746;13612;11120;8232;4501;1750
ITAPEVI;352250;16823;19655;18708;18112;38467;39755;36880;26636;16885;7691;2312
ITAPIRA;352260;3867;4424;4374;4407;10101;11213;11306;9635;7940;4621;2031
ITAPIRAPUA PAULISTA;352265;333;347;305;347;749;657;611;482;304;194;76
ITAPOLIS;352270;2184;2480;2454;2482;5320;5876;6020;5466;4350;2588;1244
ITAPORANGA;352280;776;953;1055;1025;1766;1919;2091;1780;1593;932;370
ITAPUI;352290;1018;1034;998;1015;2075;2049;1973;1589;1283;673;277
ITAPURA;352300;222;261;279;271;500;515;565;555;483;262;101
ITAQUAQUECETUBA;352310;26974;30675;30344;29887;61152;59419;55863;42921;28674;12741;3871
ITARARE;352320;2793;3199;3104;3179;6389;6479;6555;5608;4408;2565;1048
ITARIRI;352330;1068;1195;1263;1247;2128;2087;2128;1841;1536;872;397
ITATIBA;352340;7152;8123;7960;7866;17560;19823;20688;15747;12170;6601;2713
ITATINGA;352350;1203;1321;1369;1476;3282;3138;2749;2193;1537;821;338
ITIRAPINA;352360;848;936;936;958;2877;3161;2497;1827;1329;743;321
ITIRAPUA;352370;392;422;431;438;848;781;795;676;532;382;164
ITOBI;352380;493;529;515;533;1190;1256;1243;909;868;479;195
ITU;352390;10511;11910;11961;11901;25058;25974;27022;21942;16232;8516;3534
ITUPEVA;352400;5190;5749;5490;5255;11333;12273;11956;8006;5253;2622;992
ITUVERAVA;352410;2141;2321;2347;2502;5126;5314;5991;4848;4163;2543;1155
JABORANDI;352420;309;369;418;437;827;902;960;859;684;363;165
JABOTICABAL;352430;3687;4299;4435;4600;10065;10762;11368;9532;7784;4772;2163
JACAREI;352440;14072;16752;17185;16751;34131;37761;39329;31418;23781;13571;5217
JACI;352450;534;592;550;541;1191;1229;1204;888;668;335;146
JACUPIRANGA;352460;1046;1216;1171;1178;2120;2147;2375;2052;1594;931;424
JAGUARIUNA;352470;3809;4114;3925;4040;9297;10115;9977;7228;5274;2809;1213
JALES;352480;2536;2889;2922;2876;6111;6944;7734;6955;5867;3512;1671
JAMBEIRO;352490;417;467;454;429;840;887;975;838;710;401;157
JANDIRA;352500;7580;8819;8758;8610;19189;19296;19103;14918;9677;4537;1501
JARDINOPOLIS;352510;2884;3284;3222;3262;7083;7453;7159;5312;4036;2262;911
JARINU;352520;2783;3001;2885;2744;5571;6278;6042;4480;3303;1773;671
JAU;352530;7226;8395;8479;8784;18384;20098;21570;17880;14628;8212;3667
JERIQUARA;352540;282;323;309;301;643;589;570;428;304;155;72
JOANOPOLIS;352550;730;849;892;896;1619;1891;1919;1684;1395;849;371
JOAO RAMALHO;352560;272;331;352;322;579;650;648;557;428;225;92
JOSE BONIFACIO;352570;2296;2501;2478;2514;5427;5779;5592;4623;3713;2058;878
JULIO MESQUITA;352580;289;310;293;280;607;582;582;539;453;262;111
JUMIRIM;352585;218;247;213;213;460;461;436;353;286;150;86
JUNDIAI;352590;25385;28877;28239;27755;61063;73868;75918;56720;43952;26094;12442
JUNQUEIROPOLIS;352600;1061;1247;1334;1287;2662;3276;3164;2768;2127;1322;630
JUQUIA;352610;1025;1223;1254;1227;2176;2090;2448;2240;1937;1127;508
JUQUITIBA;352620;1741;2065;2083;2017;3895;3791;3974;3597;2808;1516;520
LAGOINHA;352630;240;274;293;314;598;629;762;814;651;397;210
LARANJAL PAULISTA;352640;1608;1759;1751;1801;3902;4002;3933;3178;2682;1624;769
LAVINIA;352650;232;276;302;345;2199;2809;1705;889;605;366;181
LAVRINHAS;352660;486;565;566;539;1056;1087;1109;874;619;310;117
LEME;352670;5917;6651;6752;6982;14853;15985;15496;12226;9212;5137;2105
LENCOIS PAULISTA;352680;4069;4565;4561;4567;9852;10532;10454;8467;6498;3465;1365
LIMEIRA;352690;16211;18431;18440;19154;42577;46287;46766;38540;30977;16536;6809
LINDOIA;352700;403;451;454;448;901;999;1053;980;798;457;203
LINS;352710;4290;4878;4855;4734;10517;11145;11495;9779;8084;4709;2243
LORENA;352720;5124;5753;5717;5846;12231;12822;12860;10679;8874;5245;2219
LOURDES;352725;99;123;121;122;232;223;281;275;237;187;68
LOUVEIRA;352730;3820;4177;3882;3732;8925;9232;8398;5414;3790;1928;813
LUCELIA;352740;973;1071;1118;1152;2579;3006;3286;2978;2315;1307;587
LUCIANOPOLIS;352750;130;146;154;162;346;337;371;258;252;197;66
LUIS ANTONIO;352760;829;894;942;974;1864;1955;1859;1407;1079;513;215
LUIZIANIA;352770;304;355;340;325;617;696;629;584;510;261;130
LUPERCIO;352780;229;280;300;282;474;535;588;504;450;257;118
LUTECIA;352790;153;183;194;173;319;378;378;346;325;166;84
MACATUBA;352800;1056;1154;1187;1180;2386;2605;2489;2146;1661;839;417
MACAUBAL;352810;386;428;429;449;882;981;1068;1049;969;604;342
MACEDONIA;352820;205;226;227;262;469;485;619;586;506;317;146
MAGDA;352830;127;176;207;181;358;406;473;460;419;271;134
MAIRINQUE;352840;3099;3505;3528;3460;7429;7937;7944;6331;4886;2624;917
MAIRIPORA;352850;5815;6854;7008;6599;13240;14128;14931;12479;9627;4904;1814
MANDURI;352860;589;639;658;670;1339;1470;1420;1323;1023;658;303
MARABA PAULISTA;352870;192;226;237;243;979;751;633;592;459;233;82
MARACAI;352880;730;847;841;827;1676;1787;1944;1725;1340;794;315
MARAPOAMA;352885;212;222;201;205;457;517;512;433;339;204;90
MARIAPOLIS;352890;189;215;222;218;413;484;489;490;465;250;104
MARILIA;352900;14584;16331;15793;15262;34189;36072;37472;30874;24778;14475;6797
MARINOPOLIS;352910;74;88;100;108;225;239;273;306;276;129;52
MARTINOPOLIS;352920;1372;1555;1589;1606;3552;3777;3597;3358;2716;1482;695
MATAO;352930;4078;4898;5009;5043;10913;12351;12779;10690;8679;4678;1880
MAUA;352940;25349;28761;28746;29289;66028;69113;66262;52759;37429;18769;6875
MENDONCA;352950;406;417;412;405;826;982;928;781;620;416;176
MERIDIANO;352960;229;290;313;313;622;627;707;639;528;294;135
MESOPOLIS;352965;111;125;144;138;272;267;289;241;228;118;55
MIGUELOPOLIS;352970;1220;1302;1316;1395;2859;2738;2939;2523;1911;1067;385
MINEIROS DO TIETE;352980;635;723;748;750;1443;1656;1760;1443;1251;685;255
MIRACATU;352990;1203;1410;1427;1337;2402;2389;2582;2378;1970;1130;451
MIRA ESTRELA;353000;163;194;193;167;323;403;460;458;471;285;82
MIRANDOPOLIS;353010;1105;1390;1529;1520;3500;5011;4855;3953;3037;1877;960
MIRANTE DO PARANAPANEMA;353020;833;1030;1107;1067;1808;1946;2251;2405;1993;1103;526
MIRASSOL;353030;3953;4346;4131;4041;8569;9882;10146;8577;6582;3649;1609
MIRASSOLANDIA;353040;292;313;321;320;654;655;681;599;480;307;149
MOCOCA;353050;3570;4207;4303;4386;9124;9793;10466;9088;7766;4690;1931
MOGI DAS CRUZES;353060;28851;32905;33414;33186;68530;70423;71092;56441;41961;22164;9153
MOGI GUACU;353070;9243;10380;10254;10075;22289;24964;24617;19909;15746;8774;3484
MOGI MIRIM;353080;5056;5871;5953;5945;12520;14152;14776;12579;10351;5878;2453
MOMBUCA;353090;306;319;288;264;537;534;509;470;345;166;77
MONCOES;353100;87;116;122;119;174;217;286;294;287;175;77
MONGAGUA;353110;3277;4277;4474;4212;8426;8148;8867;8203;8434;4912;1289
MONTE ALEGRE DO SUL;353120;425;521;516;492;1047;1255;1331;1207;1158;635;286
MONTE ALTO;353130;2493;2852;2797;2821;6279;7190;7458;6605;5460;3236;1534
MONTE APRAZIVEL;353140;1179;1347;1390;1445;2899;3232;3403;2965;2465;1576;749
MONTE AZUL PAULISTA;353150;925;1049;1077;1124;2348;2743;2756;2494;2011;1237;599
MONTE CASTELO;353160;258;286;272;265;521;562;638;547;516;297;139
MONTEIRO LOBATO;353170;229;295;332;281;455;533;607;553;538;272;110
MONTE MOR;353180;4550;5110;5059;4811;9897;10754;10825;7514;5263;2579;934
MORRO AGUDO;353190;1749;1993;2024;2079;4100;4270;4291;3535;2554;1410;556
MORUNGABA;353200;897;983;949;968;2055;2111;2124;1705;1263;749;277
MOTUCA;353205;215;272;275;270;525;569;645;535;446;232;95
MURUTINGA DO SUL;353210;168;207;210;212;418;410;518;617;518;327;158
NANTES;353215;175;199;200;194;359;392;385;374;243;120;58
NARANDIBA;353220;434;500;491;423;882;865;819;668;476;251;99
NATIVIDADE DA SERRA;353230;397;466;497;430;773;853;1001;1002;917;568;230
NAZARE PAULISTA;353240;1128;1230;1247;1214;2411;2742;2716;2456;1904;1082;490
NEVES PAULISTA;353250;543;571;571;562;1098;1368;1509;1359;1189;748;403
NHANDEARA;353260;415;525;608;605;1062;1212;1443;1403;1345;890;436
NIPOA;353270;324;375;344;326;669;761;728;588;392;235;118
NOVA ALIANCA;353280;418;452;445;461;975;938;996;857;718;398;200
NOVA CAMPINA;353282;625;694;668;663;1399;1328;1202;937;668;328;119
NOVA CANAA PAULISTA;353284;81;95;110;126;224;201;297;285;318;225;96
NOVA CASTILHO;353286;57;74;92;72;125;156;138;151;114;63;32
NOVA EUROPA;353290;563;635;667;659;1261;1384;1516;1168;899;498;209
NOVA GRANADA;353300;1163;1328;1331;1242;2648;2805;2976;2438;2014;1208;572
NOVA GUATAPORANGA;353310;133;147;133;127;270;268;312;267;280;168;83
NOVA INDEPENDENCIA;353320;279;309;294;315;912;861;701;489;365;193;77
NOVAIS;353325;297;347;336;326;657;745;648;488;328;194;103
NOVA LUZITANIA;353330;148;167;171;191;345;359;451;399;326;199;82
NOVA ODESSA;353340;3616;4185;4163;4074;8792;9863;10527;8249;6240;3246;1273
NOVO HORIZONTE;353350;2180;2513;2585;2570;5115;5707;5867;5142;4226;2448;1082
NUPORANGA;353360;468;518;513;486;986;1152;1051;968;794;430;184
OCAUCU;353370;293;307;317;283;592;568;586;536;496;287;147
OLEO;353380;120;152;168;160;333;321;349;331;328;196;82
OLIMPIA;353390;3356;3762;3742;3707;7706;8868;8456;6698;5373;3447;1586
ONDA VERDE;353400;303;357;357;367;669;741;735;588;455;245;95
ORIENTE;353410;333;383;386;380;770;862;835;806;807;407;211
ORINDIUVA;353420;404;442;443;414;812;983;976;763;514;275;119
ORLANDIA;353430;2031;2379;2454;2557;5392;5722;5818;5234;4256;2332;1018
OSASCO;353440;43694;51727;51502;51462;112916;119984;117192;92299;66948;35058;14170
OSCAR BRESSANE;353450;98;127;168;160;255;292;360;359;314;254;117
OSVALDO CRUZ;353460;1488;1810;1870;1875;4377;4352;4589;4374;3862;2324;1178
OURINHOS;353470;5970;6897;7152;7120;14349;15029;15836;13952;11152;6642;2778
OUROESTE;353475;603;690;715;702;1357;1545;1604;1355;1119;637;269
OURO VERDE;353480;547;571;551;557;1041;1098;1107;1014;771;431;213
PACAEMBU;353490;475;568;592;622;2849;3424;2472;1665;1347;773;430
PALESTINA;353500;700;746;761;751;1455;1686;1727;1470;1224;795;374
PALMARES PAULISTA;353510;582;661;679;699;1428;1514;1580;1192;806;392;176
PALMEIRA D'OESTE;353520;385;448;488;524;1016;1030;1294;1415;1253;742;399
PALMITAL;353530;969;1143;1205;1266;2495;2612;2906;2610;2315;1554;692
PANORAMA;353540;989;1127;1129;1099;2118;2051;2125;1922;1453;875;326
PARAGUACU PAULISTA;353550;2408;2816;2824;2694;5733;6145;6111;5452;4300;2499;1105
PARAIBUNA;353560;1080;1177;1175;1137;2318;2465;2465;2410;2074;1147;502
PARAISO;353570;326;365;379;389;768;888;990;833;691;393;189
PARANAPANEMA;353580;1386;1504;1381;1345;2969;2891;2923;2347;1835;903;315
PARANAPUA;353590;248;284;248;273;564;552;588;512;459;266;117
PARAPUA;353600;534;625;633;651;1329;1402;1531;1479;1337;802;406
PARDINHO;353610;459;522;548;569;1101;1011;1064;901;653;381;173
PARIQUERA-ACU;353620;1171;1378;1419;1408;2679;2639;3001;2382;1836;1115;548
PARISI;353625;165;201;199;195;377;412;418;369;351;222;92
PATROCINIO PAULISTA;353630;965;1084;1107;1104;2150;2152;2074;1731;1390;761;319
PAULICEIA;353640;520;634;652;586;1100;1139;1122;1017;851;432;147
PAULINIA;353650;6629;8010;8227;8075;15744;18390;19789;14152;9701;5076;1897
PAULISTANIA;353657;148;151;135;147;295;307;312;280;196;117;58
PAULO DE FARIA;353660;366;416;453;464;973;1035;1074;1041;843;517;248
PEDERNEIRAS;353670;2665;3112;3201;3200;6517;6821;6979;5859;4425;2405;1039
PEDRA BELA;353680;360;407;398;404;805;1001;1008;900;756;489;190
PEDRANOPOLIS;353690;120;151;171;175;297;321;437;401;419;245;111
PEDREGULHO;353700;931;1054;1077;1133;2225;2276;2278;1867;1619;889;393
PEDREIRA;353710;2294;2629;2627;2749;6323;6791;6897;5953;4573;2418;1078
PEDRINHAS PAULISTA;353715;135;165;161;158;352;383;397;429;359;207;92
PEDRO DE TOLEDO;353720;627;856;883;789;1370;1615;1501;1498;1397;742;261
PENAPOLIS;353730;3562;4100;4186;4024;8163;8745;9385;8224;6934;4058;1936
PEREIRA BARRETO;353740;1268;1519;1595;1499;2890;3312;3531;3584;2765;1662;764
PEREIRAS;353750;548;646;648;617;1178;1287;1225;1128;934;548;210
PERUIBE;353760;3946;4665;5064;4968;8721;8832;9888;8927;8445;5138;1949
PIACATU;353770;286;334;367;349;722;793;834;741;655;364;178
PIEDADE;353780;3039;3508;3540;3503;7337;7885;8060;7120;5878;3046;1321
PILAR DO SUL;353790;1773;1966;2007;1987;3999;3956;4020;3575;2849;1648;637
PINDAMONHANGABA;353800;10769;12127;11904;11662;23941;25745;26645;20480;16500;8985;3269
PINDORAMA;353810;696;843;907;913;1807;2051;2335;2002;1602;1067;498
PINHALZINHO;353820;793;948;975;978;1954;2045;2338;2064;1910;1150;450
PIQUEROBI;353830;156;190;203;213;391;451;475;500;395;212;110
PIQUETE;353850;569;731;818;842;1530;1632;1745;1770;1619;916;398
PIRACAIA;353860;1364;1594;1574;1573;3499;3844;4087;3649;2988;1860;732
PIRACICABA;353870;24327;28147;27820;27871;63146;70391;68640;52190;41505;24155;10635
PIRAJU;353880;1658;1915;1982;2006;3951;4208;4311;3869;3433;2053;875
PIRAJUI;353890;1084;1224;1249;1304;3475;3910;3541;2649;2418;1287;602
PIRANGI;353900;593;664;665;682;1455;1572;1630;1505;1202;740;368
PIRAPORA DO BOM JESUS;353910;1411;1563;1480;1472;3015;2864;2795;2087;1303;615;231
PIRAPOZINHO;353920;1501;1659;1695;1664;3625;3680;3719;3612;2759;1455;696
PIRASSUNUNGA;353930;4168;4742;4835;4750;9793;10904;11364;9617;8088;4920;2294
PIRATININGA;353940;929;1118;1089;972;1862;2132;2633;1931;1589;898;401
PITANGUEIRAS;353950;2183;2366;2348;2501;5328;5188;5103;4184;2973;1555;687
PLANALTO;353960;244;292;300;321;589;598;696;582;478;245;109
PLATINA;353970;193;216;223;210;387;405;424;403;323;194;83
POA;353980;5987;7195;7671;7710;15805;15346;16207;13504;10002;5184;1820
POLONI;353990;325;353;367;365;718;808;780;696;621;410;253
POMPEIA;354000;1067;1315;1307;1262;2675;2800;3315;2638;2242;1324;567
PONGAI;354010;152;193;207;216;409;452;511;450;466;265;122
PONTAL;354020;2483;2724;2691;2882;6243;6048;5917;4368;3077;1380;563
PONTALINDA;354025;259;291;306;292;569;601;623;517;401;248;89
PONTES GESTAL;354030;131;157;172;140;265;346;330;313;285;191;85
POPULINA;354040;178;238;297;282;457;537;609;578;537;322;150
PORANGABA;354050;582;646;669;656;1235;1313;1387;1488;1541;915;341
PORTO FELIZ;354060;3315;3846;3802;3704;8519;8988;8851;7280;5694;3085;1261
PORTO FERREIRA;354070;2811;3315;3418;3681;7540;7967;8131;6991;5532;3089;1465
POTIM;354075;1259;1395;1361;1386;3768;3614;3218;2333;1490;714;229
POTIRENDABA;354080;1140;1308;1280;1229;2545;2760;2861;2273;1914;1123;561
PRACINHA;354085;70;91;93;120;770;610;310;233;158;110;34
PRADOPOLIS;354090;946;1121;1198;1234;2388;2662;2718;2152;1650;907;333
PRAIA GRANDE;354100;21641;25269;25874;25136;48846;53543;56515;43808;36786;20725;7434
PRATANIA;354105;344;406;406;409;880;830;714;571;411;201;74
PRESIDENTE ALVES;354110;204;244;268;243;434;490;590;502;469;284;113
PRESIDENTE BERNARDES;354120;553;678;732;750;2073;2612;2209;1949;1686;1019;511
PRESIDENTE EPITACIO;354130;2148;2596;2681;2735;5165;5339;5999;5603;4550;2521;1046
PRESIDENTE PRUDENTE;354140;12965;14505;14192;14510;32773;33920;34508;30878;24635;14432;6765
PRESIDENTE VENCESLAU;354150;1695;2010;2121;2095;4150;4666;5567;5321;4400;2583;1294
PROMISSAO;354160;2045;2349;2445;2530;4897;4950;5261;4690;3735;2121;968
QUADRA;354165;183;236;255;232;430;470;494;477;392;225;78
QUATA;354170;799;948;960;902;1802;1900;1999;1762;1313;698;316
QUEIROZ;354180;216;257;258;245;484;491;532;396;271;129;72
QUELUZ;354190;587;639;632;631;1372;1249;1287;1151;902;500;196
QUINTANA;354200;507;520;475;472;1053;1037;1063;845;674;394;185
RAFARD;354210;592;609;615;622;1263;1355;1363;1131;863;477;243
RANCHARIA;354220;1680;1955;1930;1886;3797;3977;4202;4023;3280;1732;843
REDENCAO DA SERRA;354230;241;281;307;299;518;517;668;645;648;357;130
REGENTE FEIJO;354240;1147;1320;1324;1327;2742;2891;3052;2737;2225;1218;582
REGINOPOLIS;354250;286;373;416;469;1915;1315;1055;765;623;397;194
REGISTRO;354260;3629;4354;4430;4266;8396;8801;9711;7667;5660;3293;1525
RESTINGA;354270;386;478;500;496;943;915;937;816;604;292;125
RIBEIRA;354280;199;216;232;229;385;422;430;407;343;213;90
RIBEIRAO BONITO;354290;619;725;745;729;1483;1553;1673;1457;1113;646;336
RIBEIRAO BRANCO;354300;1424;1497;1443;1451;2894;2826;2678;2173;1505;778;261
RIBEIRAO CORRENTE;354310;311;364;379;345;704;664;641;537;407;249;105
RIBEIRAO DO SUL;354320;268;297;292;295;585;608;704;638;550;369;162
RIBEIRAO DOS INDIOS;354323;97;107;113;123;251;247;287;295;262;173;90
RIBEIRAO GRANDE;354325;429;481;526;559;976;1039;1152;1015;743;456;194
RIBEIRAO PIRES;354330;6012;7291;7575;7574;16154;17050;18950;16147;12359;7091;2674
RIBEIRAO PRETO;354340;40422;44983;44433;45515;110171;120405;113162;84699;67396;38929;18285
RIVERSUL;354350;360;399;402;409;742;709;756;724;656;340;150
RIFAINA;354360;238;275;266;282;587;557;617;520;441;260;115
RINCAO;354370;504;591;613;611;1219;1230;1343;1262;992;547;233
RINOPOLIS;354380;482;551;551;587;1202;1278;1298;1210;1118;692;388
RIO CLARO;354390;11395;13041;13235;13220;29767;31795;32348;25956;20709;11837;5554
RIO DAS PEDRAS;354400;2004;2274;2254;2278;4759;4997;5103;3886;2766;1418;528
RIO GRANDE DA SERRA;354410;2710;3169;3325;3411;6920;6764;6973;5584;3879;1912;670
RIOLANDIA;354420;487;535;536;610;2026;2012;1699;1085;811;467;185
ROSANA;354425;900;1094;1191;1191;2113;2142;2575;2645;2081;1185;416
ROSEIRA;354430;679;817;824;769;1545;1625;1698;1383;1036;544;175
RUBIACEA;354440;174;208;213;185;332;378;417;378;271;122;63
RUBINEIA;354450;220;222;236;225;393;407;528;590;615;376;153
SABINO;354460;246;298;346;338;567;625;745;696;703;417;204
SAGRES;354470;160;171;180;159;304;336;345;313;289;179;83
SALES;354480;319;403;447;415;767;866;920;913;905;473;184
SALES OLIVEIRA;354490;640;735;740;738;1572;1754;1774;1467;1192;717;325
SALESOPOLIS;354500;928;1023;1042;1088;2138;2076;2169;2017;1657;907;351
SALMOURAO;354510;299;336;310;327;678;645;692;592;522;330;152
SALTINHO;354515;449;497;488;526;1090;1204;1348;1051;914;567;237
SALTO;354520;8955;9804;9285;9038;19803;22800;21761;16779;12876;6394;2630
SALTO DE PIRAPORA;354530;2559;3053;3153;3059;6553;6724;6634;5597;4463;2417;926
SALTO GRANDE;354540;536;625;609;612;1227;1196;1278;1192;1013;640;284
SANDOVALINA;354550;237;276;297;259;479;490;520;495;377;204;65
SANTA ADELIA;354560;737;873;888;912;1936;2016;2197;1850;1465;907;422
SANTA ALBERTINA;354570;382;437;412;372;722;932;919;825;801;522;219
SANTA BARBARA D'OESTE;354580;10097;11777;11618;11500;25703;29189;28864;25298;20841;10421;4030
SANTA BRANCA;354600;750;836;883;933;1874;1905;2020;2021;1670;939;381
SANTA CLARA D'OESTE;354610;197;187;183;162;323;371;385;318;290;182;79
SANTA CRUZ DA CONCEICAO;354620;169;231;259;260;480;528;672;632;589;366;179
SANTA CRUZ DA ESPERANCA;354625;120;148;156;148;279;292;271;262;255;165;66
SANTA CRUZ DAS PALMEIRAS;354630;1691;1933;1926;2011;4163;4474;4450;3727;2878;1572;700
SANTA CRUZ DO RIO PARDO;354640;2837;3159;3212;3241;6527;6789;6833;5903;4791;2977;1408
SANTA ERNESTINA;354650;425;398;400;435;969;994;921;772;547;278;117
SANTA FE DO SUL;354660;2089;2265;2213;2168;4768;5088;5416;4701;3873;2406;1111
SANTA GERTRUDES;354670;1571;1740;1731;1772;4176;3837;3561;2698;1706;907;408
SANTA ISABEL;354680;3140;3675;3815;3792;7838;7821;8179;7016;5387;2834;1089
SANTA LUCIA;354690;378;479;462;456;1004;1086;1059;957;751;381;168
SANTA MARIA DA SERRA;354700;350;378;397;396;724;787;725;645;524;261;127
SANTA MERCEDES;354710;177;216;210;197;356;417;426;405;346;172;90
SANTANA DA PONTE PENSA;354720;55;82;98;97;166;185;237;250;267;169;92
SANTANA DE PARNAIBA;354730;10545;12327;12752;12063;22600;23944;26798;18923;13268;6672;2449
SANTA RITA D'OESTE;354740;137;154;144;151;309;339;393;393;382;267;121
SANTA RITA DO PASSA QUATRO;354750;1104;1356;1434;1457;2841;3205;3781;3491;3243;2070;1078
SANTA ROSA DE VITERBO;354760;1222;1482;1546;1506;3031;3373;3484;3134;2625;1570;752
SANTA SALETE;354765;82;95;103;107;192;195;249;252;210;143;58
SANTO ANASTACIO;354770;917;1022;1066;1116;2256;2308;2517;2650;2194;1299;700
SANTO ANDRE;354780;39161;46081;46713;47467;104573;120625;125035;100504;79184;46659;22709
SANTO ANTONIO DA ALEGRIA;354790;447;464;451;438;919;948;969;829;785;482;185
SANTO ANTONIO DE POSSE;354800;1482;1653;1604;1625;3707;3685;3461;2830;2163;1107;462
SANTO ANTONIO DO ARACANGUA;354805;460;567;613;544;980;1156;1270;1242;1033;510;193
SANTO ANTONIO DO JARDIM;354810;330;370;385;433;814;829;912;822;722;450;170
SANTO ANTONIO DO PINHAL;354820;390;464;468;467;958;991;1122;1009;845;397;183
SANTO EXPEDITO;354830;173;193;174;200;381;363;415;433;382;244;105
SANTOPOLIS DO AGUAPEI;354840;238;273;281;269;551;566;557;487;415;192;104
SANTOS;354850;18101;22440;24049;24622;51906;57487;65840;57467;52572;35163;19920
SAO BENTO DO SAPUCAI;354860;604;731;761;744;1471;1601;1753;1652;1455;800;376
SAO BERNARDO DO CAMPO;354870;42873;51970;54040;54323;118207;127659;135231;109649;82603;45532;18412
SAO CAETANO DO SUL;354880;7657;9670;10384;9950;19112;23090;28431;22744;20190;13344;7537
SAO CARLOS;354890;14782;16738;16250;16987;40264;40169;40235;32200;25922;14891;6856
SAO FRANCISCO;354900;116;133;148;157;315;304;349;386;353;238;130
SAO JOAO DA BOA VISTA;354910;5053;5777;5640;5691;12724;13818;14840;12889;10488;6012;2830
SAO JOAO DAS DUAS PONTES;354920;139;153;153;169;340;326;382;388;308;173;91
SAO JOAO DE IRACEMA;354925;117;121;125;127;257;239;239;261;197;136;61
SAO JOAO DO PAU D'ALHO;354930;117;126;129;125;263;275;288;319;321;216;109
SAO JOAQUIM DA BARRA;354940;2664;3131;3267;3367;6792;7415;7847;6288;4906;2865;1273
SAO JOSE DA BELA VISTA;354950;499;546;580;616;1207;1075;1000;932;672;405;158
SAO JOSE DO BARREIRO;354960;243;261;287;268;497;497;519;528;445;234;119
SAO JOSE DO RIO PARDO;354970;2941;3388;3280;3139;6699;7884;7785;6687;6273;3701;1639
SAO JOSE DO RIO PRETO;354980;27970;31009;30390;30465;72052;78811;77252;61725;49546;28873;13504
SAO JOSE DOS CAMPOS;354990;42112;48825;48632;47705;102187;110764;113532;87905;69030;39027;15037
SAO LOURENCO DA SERRA;354995;991;1153;1138;1133;2331;2290;2467;2149;1598;874;334
SAO LUIS DO PARAITINGA;355000;506;583;600;616;1239;1366;1468;1575;1413;774;357
SAO MANUEL;355010;2099;2458;2514;2485;5207;5642;5956;4949;3805;2129;922
SAO MIGUEL ARCANJO;355020;2004;2300;2364;2351;4633;4629;4767;4195;3168;1741;752
SAO PAULO;355030;633056;740450;742833;764577;1768064;1839247;1835398;1474311;1130527;655427;311688
SAO PEDRO;355040;2112;2479;2500;2531;5095;5320;5940;5112;4452;2906;1278
SAO PEDRO DO TURVO;355050;493;529;517;537;989;979;1016;918;717;465;173
SAO ROQUE;355060;4478;5398;5606;5367;10545;11730;12693;10183;8475;4781;2086
SAO SEBASTIAO;355070;5379;6193;6312;6261;12447;12673;13257;9915;6838;3446;1298
SAO SEBASTIAO DA GRAMA;355080;530;609;639;664;1368;1517;1548;1405;1195;686;323
SAO SIMAO;355090;622;765;877;940;1747;1873;1993;1827;1567;915;464
SAO VICENTE;355100;18620;22403;22866;23313;50290;49502;51006;42560;32542;18111;7194
SARAPUI;355110;631;759;773;759;1468;1480;1480;1279;1145;612;246
SARUTAIA;355120;234;241;247;280;565;519;484;445;410;240;104
SEBASTIANOPOLIS DO SUL;355130;182;212;211;190;338;455;462;414;399;218;106
SERRA AZUL;355140;574;654;662;747;2389;2619;2189;1481;1048;522;173
SERRANA;355150;2873;3303;3379;3449;7257;7256;6794;5172;3501;1729;695
SERRA NEGRA;355160;1567;1788;1805;1855;3888;4156;4742;4054;3642;2284;1139
SERTAOZINHO;355170;8049;9073;9080;8941;18910;21243;20757;15474;11454;6176;2443
SETE BARRAS;355180;858;966;994;967;1612;1598;1870;1643;1285;782;337
SEVERINIA;355190;902;1005;968;1025;2285;2152;2175;1808;1399;699;306
SILVEIRAS;355200;382;427;424;462;873;856;908;778;668;371;164
SOCORRO;355210;2023;2369;2430;2456;5076;5725;6159;5583;4963;3117;1504
SOROCABA;355220;45964;50929;49411;49324;111656;122766;118429;89773;67821;36145;15241
SUD MENNUCCI;355230;439;487;502;488;928;1004;1105;1059;808;460;186
SUMARE;355240;17740;20430;20723;20238;42628;47486;46392;33989;24109;11931;4121
SUZANO;355250;20632;23575;23510;23273;48790;49482;48638;37005;26061;13179;4620
SUZANAPOLIS;355255;174;213;237;231;419;482;505;502;396;219;86
TABAPUA;355260;524;670;704;710;1401;1628;1754;1589;1325;794;400
TABATINGA;355270;996;1076;1011;969;2015;2204;2269;1792;1478;815;369
TABOAO DA SERRA;355280;16204;19431;19949;20107;43640;44732;46763;34424;23080;11663;4281
TACIBA;355290;427;473;464;433;850;927;896;845;601;329;154
TAGUAI;355300;913;957;952;964;2044;2086;1787;1392;1081;610;220
TAIACU;355310;334;366;348;370;795;816;820;778;577;356;191
TAIUVA;355320;304;348;327;373;1188;1195;988;738;632;419;221
TAMBAU;355330;1227;1419;1471;1398;2819;3156;3054;2773;2397;1355;613
TANABI;355340;1450;1666;1681;1599;3278;3614;3845;3391;2912;1737;848
TAPIRAI;355350;530;597;624;625;1190;1039;1138;978;732;470;199
TAPIRATIBA;355360;578;688;742;750;1582;1633;1695;1691;1456;737;384
TAQUARAL;355365;127;148;172;196;354;359;411;338;304;175;68
TAQUARITINGA;355370;2779;3278;3387;3504;7129;7593;8041;7017;5711;3324;1559
TAQUARITUBA;355380;1438;1566;1585;1607;3759;4094;3769;2946;2366;1223;510
TAQUARIVAI;355385;570;551;519;551;1162;1047;996;752;594;279;91
TARABAI;355390;408;454;464;461;996;921;934;867;653;322;155
TARUMA;355395;955;1151;1185;1102;2143;2262;2251;1906;1366;663;264
TATUI;355400;8000;8875;8919;8980;18832;19458;19447;15177;11601;6540;2731
TAUBATE;355410;18212;21180;21018;20625;44445;48922;49928;40122;31497;17856;7493
TEJUPA;355420;260;289;303;321;599;536;585;476;410;274;89
TEODORO SAMPAIO;355430;1511;1715;1667;1572;3004;3202;3385;2900;2025;1122;456
TERRA ROXA;355440;431;492;504;538;1047;1187;1164;1027;896;478;221
TIETE;355450;2081;2390;2443;2499;5276;5978;5942;4831;3928;2278;1044
TIMBURI;355460;108;147;171;156;304;329;305;315;350;222;83
TORRE DE PEDRA;355465;116;125;120;136;245;249;298;278;271;157;68
TORRINHA;355470;545;609;582;555;1136;1346;1385;1262;1071;658;335
TRABIJU;355475;97;112;133;149;258;238;244;214;145;85;44
TREMEMBE;355480;2734;3281;3327;3295;8472;9041;8578;6228;4647;2458;1022
TRES FRONTEIRAS;355490;404;460;453;420;937;984;997;904;770;464;220
TUIUTI;355495;341;415;433;421;760;932;1035;927;861;585;237
TUPA;355500;3387;3914;3890;3980;8268;8957;9818;8704;7344;4744;2410
TUPI PAULISTA;355510;709;835;815;768;1949;2640;2636;2114;1921;1207;612
TURIUBA;355520;92;110;110;104;196;197;249;263;253;184;81
TURMALINA;355530;68;65;68;84;170;175;192;284;299;187;80
UBARANA;355535;357;391;407;405;791;809;780;663;462;284;107
UBATUBA;355540;6224;6820;6586;6487;13982;14921;15126;11897;8562;4391;1602
UBIRAJARA;355550;380;415;409;393;727;764;728;569;499;289;92
UCHOA;355560;523;630;691;691;1298;1502;1585;1387;1206;740;374
UNIAO PAULISTA;355570;123;126;121;123;228;230;228;179;152;88;30
URANIA;355580;435;508;545;567;1055;1163;1341;1223;1131;663;342
URU;355590;89;95;91;80;157;167;197;182;206;114;41
URUPES;355600;716;809;822;835;1787;2021;2076;1837;1617;1010;508
VALENTIM GENTIL;355610;951;1026;948;931;2024;2272;2239;1694;1351;761;334
VALINHOS;355620;6561;7808;7975;7881;16694;19899;21739;18335;13647;7398;3340
VALPARAISO;355630;1398;1630;1668;1500;3450;4405;4059;2947;2087;1057;522
VARGEM;355635;736;789;744;679;1554;1591;1550;1269;1009;646;238
VARGEM GRANDE DO SUL;355640;2414;2673;2650;2778;5742;5970;5991;5246;4298;2434;1030
VARGEM GRANDE PAULISTA;355645;3169;3755;3807;3662;7211;7652;8397;6387;4672;2445;946
VARZEA PAULISTA;355650;7388;8429;8339;8234;18378;19513;18017;14200;10389;4989;1700
VERA CRUZ;355660;531;626;629;629;1322;1304;1441;1450;1172;782;408
VINHEDO;355670;4192;5133;5227;5025;10593;11680;13197;9998;7700;4466;2024
VIRADOURO;355680;1089;1174;1197;1219;2508;2718;2595;2071;1681;1002;427
VISTA ALEGRE DO ALTO;355690;578;628;582;590;1293;1317;1265;917;629;362;166
VITORIA BRASIL;355695;93;97;121;131;239;216;292;279;195;116;47
VOTORANTIM;355700;8360;9294;9057;9078;19968;21190;20730;15416;11521;6078;2157
VOTUPORANGA;355710;5700;6206;6017;5892;13712;15438;14915;12657;10474;6234;2914
ZACARIAS;355715;151;178;204;176;323;356;393;371;330;189;90
CHAVANTES;355720;737;864;892;851;1699;1623;1773;1613;1280;767;312
ESTIVA GERBI;355730;736;792;769;769;1579;1827;1737;1446;1127;578;206
;;;;;;;;;;;;
