ID_GEO;ID_LOCALIDADE;NOME;RS;RRAS
1;350010;ADAMANTINA;ADAMANTINA ;RRAS10
2;350020;ADOLFO;JOSE BONIFACIO;RRAS12
3;350030;AGUAI;MANTIQUEIRA;RRAS15
4;350040;AGUAS DA PRATA;MANTIQUEIRA;RRAS15
5;350050;AGUAS DE LINDOIA;CIRCUITO DAS AGUAS;RRAS15
6;350055;AGUAS DE SANTA BARBARA;VALE DO JURUMIRIM;RRAS09
7;350060;AGUAS DE SAO PEDRO;PIRACICABA;RRAS14
8;350070;AGUDOS;BAURU;RRAS09
9;350075;ALAMBARI;ITAPETININGA;RRAS08
10;350080;ALFREDO MARCONDES;ALTA SOROCABANA;RRAS11
11;350090;ALTAIR;NORTE BARRETOS;RRAS13
12;350100;ALTINOPOLIS;VALE DAS CACHOEIRAS;RRAS13
13;350110;ALTO ALEGRE;CONSORCIOS DO DRS II;RRAS19
14;350115;ALUMINIO;SOROCABA;RRAS08
15;350120;ALVARES FLORENCE;VOTUPORANGA;RRAS12
16;350130;ALVARES MACHADO;ALTA SOROCABANA;RRAS11
17;350140;ALVARO DE CARVALHO;MARILIA;RRAS10
18;350150;ALVINLANDIA;MARILIA;RRAS10
19;350160;AMERICANA;REG METRO CAMPINAS;RRAS15
20;350170;AMERICO BRASILIENSE;CENTRAL DO DRS III;RRAS18
21;350180;AMERICO DE CAMPOS;VOTUPORANGA;RRAS12
22;350190;AMPARO;CIRCUITO DAS AGUAS;RRAS15
23;350200;ANALANDIA;RIO CLARO;RRAS14
24;350210;ANDRADINA;LAGOS DO DRS II;RRAS19
25;350220;ANGATUBA;ITAPETININGA;RRAS08
26;350230;ANHEMBI;POLO CUESTA;RRAS09
27;350240;ANHUMAS;ALTA SOROCABANA;RRAS11
28;350250;APARECIDA;CIRCUITO DA FE VALE HISTORICO;RRAS17
29;350260;APARECIDA DOESTE;JALES;RRAS12
30;350270;APIAI;ITAPEVA;RRAS08
31;350275;ARACARIGUAMA;SOROCABA;RRAS08
32;350280;ARACATUBA;CENTRAL DO DRS II;RRAS19
33;350290;ARACOIABA DA SERRA;SOROCABA;RRAS08
34;350300;ARAMINA;ALTA MOGIANA;RRAS13
35;350310;ARANDU;VALE DO JURUMIRIM;RRAS09
36;350315;ARAPEI;CIRCUITO DA FE VALE HISTORICO;RRAS17
37;350320;ARARAQUARA;CENTRAL DO DRS III;RRAS18
38;350330;ARARAS;ARARAS;RRAS14
39;350335;ARCO IRIS;TUPA;RRAS10
40;350340;AREALVA;BAURU;RRAS09
41;350350;AREIAS;CIRCUITO DA FE VALE HISTORICO;RRAS17
42;350360;AREIOPOLIS;POLO CUESTA;RRAS09
43;350370;ARIRANHA;CATANDUVA;RRAS12
44;350380;ARTUR NOGUEIRA;REG METRO CAMPINAS;RRAS15
45;350390;ARUJA;ALTO DO TIETE;RRAS02
46;350395;ASPASIA;JALES;RRAS12
47;350400;ASSIS;ASSIS;RRAS10
48;350410;ATIBAIA;BRAGANCA;RRAS16
49;350420;AURIFLAMA;CENTRAL DO DRS II;RRAS19
50;350430;AVAI;BAURU;RRAS09
51;350440;AVANHANDAVA;CONSORCIOS DO DRS II;RRAS19
52;350450;AVARE;VALE DO JURUMIRIM;RRAS09
53;350460;BADY BASSITT;SAO JOSE DO RIO PRETO;RRAS12
54;350470;BALBINOS;BAURU;RRAS09
55;350480;BALSAMO;SAO JOSE DO RIO PRETO;RRAS12
56;350490;BANANAL;CIRCUITO DA FE VALE HISTORICO;RRAS17
57;350500;BARAO DE ANTONINA;VALE DO JURUMIRIM;RRAS09
58;350510;BARBOSA;CONSORCIOS DO DRS II;RRAS19
59;350520;BARIRI;JAU;RRAS09
60;350530;BARRA BONITA;JAU;RRAS09
61;350535;BARRA DO CHAPEU;ITAPEVA;RRAS08
62;350540;BARRA DO TURVO;VALE DO RIBEIRA;RRAS07
63;350550;BARRETOS;NORTE BARRETOS;RRAS13
64;350560;BARRINHA;HORIZONTE VERDE;RRAS13
65;350570;BARUERI;ROTA DOS BANDEIRANTES;RRAS05
66;350580;BASTOS;TUPA;RRAS10
67;350590;BATATAIS;VALE DAS CACHOEIRAS;RRAS13
68;350600;BAURU;BAURU;RRAS09
69;350610;BEBEDOURO;SUL BARRETOS;RRAS13
70;350620;BENTO DE ABREU;CENTRAL DO DRS II;RRAS19
71;350630;BERNARDINO DE CAMPOS;OURINHOS;RRAS10
72;350635;BERTIOGA;BAIXADA SANTISTA;RRAS07
73;350640;BILAC;CENTRAL DO DRS II;RRAS19
74;350650;BIRIGUI;CONSORCIOS DO DRS II;RRAS19
75;350660;BIRITIBA MIRIM;ALTO DO TIETE;RRAS02
76;350670;BOA ESPERANCA DO SUL;CENTRAL DO DRS III;RRAS18
77;350680;BOCAINA;JAU;RRAS09
78;350690;BOFETE;POLO CUESTA;RRAS09
79;350700;BOITUVA;SOROCABA;RRAS08
80;350710;BOM JESUS DOS PERDOES;BRAGANCA;RRAS16
81;350715;BOM SUCESSO DE ITARARE;ITAPEVA;RRAS08
82;350720;BORA;ASSIS;RRAS10
83;350730;BORACEIA;JAU;RRAS09
84;350740;BORBOREMA;NOROESTE DRS III;RRAS18
85;350745;BOREBI;BAURU;RRAS09
86;350750;BOTUCATU;POLO CUESTA;RRAS09
87;350760;BRAGANCA PAULISTA;BRAGANCA;RRAS16
88;350770;BRAUNA;CONSORCIOS DO DRS II;RRAS19
89;350775;BREJO ALEGRE;CONSORCIOS DO DRS II;RRAS19
90;350780;BRODOWSKI;VALE DAS CACHOEIRAS;RRAS13
91;350790;BROTAS;JAU;RRAS09
92;350800;BURI;ITAPEVA;RRAS08
93;350810;BURITAMA;CONSORCIOS DO DRS II;RRAS19
94;350820;BURITIZAL;ALTA MOGIANA;RRAS13
95;350830;CABRALIA PAULISTA;BAURU;RRAS09
96;350840;CABREUVA;JUNDIAI;RRAS16
97;350850;CACAPAVA;ALTO VALE DO PARAIBA;RRAS17
98;350860;CACHOEIRA PAULISTA;CIRCUITO DA FE VALE HISTORICO;RRAS17
99;350870;CACONDE;RIO PARDO;RRAS15
100;350880;CAFELANDIA;LINS;RRAS09
101;350890;CAIABU;ALTA SOROCABANA;RRAS11
102;350900;CAIEIRAS;FRANCO DA ROCHA;RRAS03
103;350910;CAIUA;EXTREMO OESTE PAULISTA;RRAS11
104;350920;CAJAMAR;FRANCO DA ROCHA;RRAS03
105;350925;CAJATI;VALE DO RIBEIRA;RRAS07
106;350930;CAJOBI;NORTE BARRETOS;RRAS13
107;350940;CAJURU;VALE DAS CACHOEIRAS;RRAS13
108;350945;CAMPINA DO MONTE ALEGRE;ITAPETININGA;RRAS08
109;350950;CAMPINAS;REG METRO CAMPINAS;RRAS15
110;350960;CAMPO LIMPO PAULISTA;JUNDIAI;RRAS16
111;350970;CAMPOS DO JORDAO;VALE PARAIBA REGIAO SERRANA;RRAS17
112;350980;CAMPOS NOVOS PAULISTA;MARILIA;RRAS10
113;350990;CANANEIA;VALE DO RIBEIRA;RRAS07
114;350995;CANAS;CIRCUITO DA FE VALE HISTORICO;RRAS17
115;351000;CANDIDO MOTA;ASSIS;RRAS10
116;351010;CANDIDO RODRIGUES;NOROESTE DRS III;RRAS18
117;351015;CANITAR;OURINHOS;RRAS10
118;351020;CAPAO BONITO;ITAPETININGA;RRAS08
119;351030;CAPELA DO ALTO;SOROCABA;RRAS08
120;351040;CAPIVARI;PIRACICABA;RRAS14
121;351050;CARAGUATATUBA;LITORAL NORTE;RRAS17
122;351060;CARAPICUIBA;ROTA DOS BANDEIRANTES;RRAS05
123;351070;CARDOSO;VOTUPORANGA;RRAS12
124;351080;CASA BRANCA;RIO PARDO;RRAS15
125;351090;CASSIA DOS COQUEIROS;VALE DAS CACHOEIRAS;RRAS13
126;351100;CASTILHO;LAGOS DO DRS II;RRAS19
127;351110;CATANDUVA;CATANDUVA;RRAS12
128;351120;CATIGUA;CATANDUVA;RRAS12
129;351130;CEDRAL;SAO JOSE DO RIO PRETO;RRAS12
130;351140;CERQUEIRA CESAR;VALE DO JURUMIRIM;RRAS09
131;351150;CERQUILHO;ITAPETININGA;RRAS08
132;351160;CESARIO LANGE;ITAPETININGA;RRAS08
133;351170;CHARQUEADA;PIRACICABA;RRAS14
134;351190;CLEMENTINA;CONSORCIOS DO DRS II;RRAS19
135;351200;COLINA;NORTE BARRETOS;RRAS13
136;351210;COLOMBIA;NORTE BARRETOS;RRAS13
137;351220;CONCHAL;ARARAS;RRAS14
138;351230;CONCHAS;POLO CUESTA;RRAS09
139;351240;CORDEIROPOLIS;LIMEIRA;RRAS14
140;351250;COROADOS;CONSORCIOS DO DRS II;RRAS19
141;351260;CORONEL MACEDO;VALE DO JURUMIRIM;RRAS09
142;351270;CORUMBATAI;RIO CLARO;RRAS14
143;351280;COSMOPOLIS;REG METRO CAMPINAS;RRAS15
144;351290;COSMORAMA;VOTUPORANGA;RRAS12
145;351300;COTIA;MANANCIAIS;RRAS04
146;351310;CRAVINHOS;AQUIFERO GUARANI;RRAS13
147;351320;CRISTAIS PAULISTA;TRES COLINAS;RRAS13
148;351330;CRUZALIA;ASSIS;RRAS10
149;351340;CRUZEIRO;CIRCUITO DA FE VALE HISTORICO;RRAS17
150;351350;CUBATAO;BAIXADA SANTISTA;RRAS07
151;351360;CUNHA;CIRCUITO DA FE VALE HISTORICO;RRAS17
152;351370;DESCALVADO;CORACAO DO DRS III;RRAS18
153;351380;DIADEMA;GRANDE ABC;RRAS01
154;351385;DIRCE REIS;JALES;RRAS12
155;351390;DIVINOLANDIA;RIO PARDO;RRAS15
156;351400;DOBRADA;NOROESTE DRS III;RRAS18
157;351410;DOIS CORREGOS;JAU;RRAS09
158;351420;DOLCINOPOLIS;JALES;RRAS12
159;351430;DOURADO;CORACAO DO DRS III;RRAS18
160;351440;DRACENA;ALTA PAULISTA;RRAS11
161;351450;DUARTINA;BAURU;RRAS09
162;351460;DUMONT;HORIZONTE VERDE;RRAS13
163;351470;ECHAPORA;MARILIA;RRAS10
164;351480;ELDORADO;VALE DO RIBEIRA;RRAS07
165;351490;ELIAS FAUSTO;PIRACICABA;RRAS14
166;351492;ELISIARIO;CATANDUVA;RRAS12
167;351495;EMBAUBA;CATANDUVA;RRAS12
168;351500;EMBU DAS ARTES;MANANCIAIS;RRAS04
169;351510;EMBU GUACU;MANANCIAIS;RRAS04
170;351512;EMILIANOPOLIS;ALTA SOROCABANA;RRAS11
171;351515;ENGENHEIRO COELHO;LIMEIRA;RRAS14
172;351518;ESPIRITO SANTO DO PINHAL;MANTIQUEIRA;RRAS15
173;351519;ESPIRITO SANTO DO TURVO;OURINHOS;RRAS10
174;351520;ESTRELA DOESTE;FERNANDOPOLIS;RRAS12
175;351530;ESTRELA DO NORTE;ALTA SOROCABANA;RRAS11
176;351535;EUCLIDES DA CUNHA PAULISTA;PONTAL DO PARANAPANEMA;RRAS11
177;351540;FARTURA;VALE DO JURUMIRIM;RRAS09
178;351550;FERNANDOPOLIS;FERNANDOPOLIS;RRAS12
179;351560;FERNANDO PRESTES;CATANDUVA;RRAS12
180;351565;FERNAO;MARILIA;RRAS10
181;351570;FERRAZ DE VASCONCELOS;ALTO DO TIETE;RRAS02
182;351580;FLORA RICA;ALTA PAULISTA;RRAS11
183;351590;FLOREAL;VOTUPORANGA;RRAS12
184;351600;FLORIDA PAULISTA;ADAMANTINA ;RRAS10
185;351610;FLORINEA;ASSIS;RRAS10
186;351620;FRANCA;TRES COLINAS;RRAS13
187;351630;FRANCISCO MORATO;FRANCO DA ROCHA;RRAS03
188;351640;FRANCO DA ROCHA;FRANCO DA ROCHA;RRAS03
189;351650;GABRIEL MONTEIRO;CONSORCIOS DO DRS II;RRAS19
190;351660;GALIA;MARILIA;RRAS10
191;351670;GARCA;MARILIA;RRAS10
192;351680;GASTAO VIDIGAL;VOTUPORANGA;RRAS12
193;351685;GAVIAO PEIXOTO;CENTRAL DO DRS III;RRAS18
194;351690;GENERAL SALGADO;VOTUPORANGA;RRAS12
195;351700;GETULINA;LINS;RRAS09
196;351710;GLICERIO;CONSORCIOS DO DRS II;RRAS19
197;351720;GUAICARA;LINS;RRAS09
198;351730;GUAIMBE;MARILIA;RRAS10
199;351740;GUAIRA;NORTE BARRETOS;RRAS13
200;351750;GUAPIACU;SAO JOSE DO RIO PRETO;RRAS12
201;351760;GUAPIARA;ITAPEVA;RRAS08
202;351770;GUARA;ALTA MOGIANA;RRAS13
203;351780;GUARACAI;LAGOS DO DRS II;RRAS19
204;351790;GUARACI;NORTE BARRETOS;RRAS13
205;351800;GUARANI DOESTE;FERNANDOPOLIS;RRAS12
206;351810;GUARANTA;MARILIA;RRAS10
207;351820;GUARARAPES;CENTRAL DO DRS II;RRAS19
208;351830;GUARAREMA;ALTO DO TIETE;RRAS02
209;351840;GUARATINGUETA;CIRCUITO DA FE VALE HISTORICO;RRAS17
210;351850;GUAREI;ITAPETININGA;RRAS08
211;351860;GUARIBA;HORIZONTE VERDE;RRAS13
212;351870;GUARUJA;BAIXADA SANTISTA;RRAS07
213;351880;GUARULHOS;ALTO DO TIETE;RRAS02
214;351885;GUATAPARA;AQUIFERO GUARANI;RRAS13
215;351890;GUZOLANDIA;CENTRAL DO DRS II;RRAS19
216;351900;HERCULANDIA;TUPA;RRAS10
217;351905;HOLAMBRA;REG METRO CAMPINAS;RRAS15
218;351907;HORTOLANDIA;REG METRO CAMPINAS;RRAS15
219;351910;IACANGA;BAURU;RRAS09
220;351920;IACRI;TUPA;RRAS10
221;351925;IARAS;VALE DO JURUMIRIM;RRAS09
222;351930;IBATE;CORACAO DO DRS III;RRAS18
223;351940;IBIRA;SAO JOSE DO RIO PRETO;RRAS12
224;351950;IBIRAREMA;OURINHOS;RRAS10
225;351960;IBITINGA;NOROESTE DRS III;RRAS18
226;351970;IBIUNA;SOROCABA;RRAS08
227;351980;ICEM;SAO JOSE DO RIO PRETO;RRAS12
228;351990;IEPE;ALTO CAPIVARI;RRAS11
229;352000;IGARACU DO TIETE;JAU;RRAS09
230;352010;IGARAPAVA;ALTA MOGIANA;RRAS13
231;352020;IGARATA;ALTO VALE DO PARAIBA;RRAS17
232;352030;IGUAPE;VALE DO RIBEIRA;RRAS07
233;352040;ILHABELA;LITORAL NORTE;RRAS17
234;352042;ILHA COMPRIDA;VALE DO RIBEIRA;RRAS07
235;352044;ILHA SOLTEIRA;LAGOS DO DRS II;RRAS19
236;352050;INDAIATUBA;REG METRO CAMPINAS;RRAS15
237;352060;INDIANA;ALTA SOROCABANA;RRAS11
238;352070;INDIAPORA;FERNANDOPOLIS;RRAS12
239;352080;INUBIA PAULISTA;ADAMANTINA ;RRAS10
240;352090;IPAUSSU;OURINHOS;RRAS10
241;352100;IPERO;SOROCABA;RRAS08
242;352110;IPEUNA;RIO CLARO;RRAS14
243;352115;IPIGUA;SAO JOSE DO RIO PRETO;RRAS12
244;352120;IPORANGA;VALE DO RIBEIRA;RRAS07
245;352130;IPUA;ALTA ANHANGUERA;RRAS13
246;352140;IRACEMAPOLIS;LIMEIRA;RRAS14
247;352150;IRAPUA;CATANDUVA;RRAS12
248;352160;IRAPURU;ALTA PAULISTA;RRAS11
249;352170;ITABERA;ITAPEVA;RRAS08
250;352180;ITAI;VALE DO JURUMIRIM;RRAS09
251;352190;ITAJOBI;CATANDUVA;RRAS12
252;352200;ITAJU;JAU;RRAS09
253;352210;ITANHAEM;BAIXADA SANTISTA;RRAS07
254;352215;ITAOCA;ITAPEVA;RRAS08
255;352220;ITAPECERICA DA SERRA;MANANCIAIS;RRAS04
256;352230;ITAPETININGA;ITAPETININGA;RRAS08
257;352240;ITAPEVA;ITAPEVA;RRAS08
258;352250;ITAPEVI;ROTA DOS BANDEIRANTES;RRAS05
259;352260;ITAPIRA;BAIXA MOGIANA;RRAS15
260;352265;ITAPIRAPUA PAULISTA;ITAPEVA;RRAS08
261;352270;ITAPOLIS;NOROESTE DRS III;RRAS18
262;352280;ITAPORANGA;VALE DO JURUMIRIM;RRAS09
263;352290;ITAPUI;JAU;RRAS09
264;352300;ITAPURA;LAGOS DO DRS II;RRAS19
265;352310;ITAQUAQUECETUBA;ALTO DO TIETE;RRAS02
266;352320;ITARARE;ITAPEVA;RRAS08
267;352330;ITARIRI;VALE DO RIBEIRA;RRAS07
268;352340;ITATIBA;REG METRO CAMPINAS;RRAS15
269;352350;ITATINGA;POLO CUESTA;RRAS09
270;352360;ITIRAPINA;RIO CLARO;RRAS14
271;352370;ITIRAPUA;TRES COLINAS;RRAS13
272;352380;ITOBI;RIO PARDO;RRAS15
273;352390;ITU;SOROCABA;RRAS08
274;352400;ITUPEVA;JUNDIAI;RRAS16
275;352410;ITUVERAVA;ALTA MOGIANA;RRAS13
276;352420;JABORANDI;NORTE BARRETOS;RRAS13
277;352430;JABOTICABAL;HORIZONTE VERDE;RRAS13
278;352440;JACAREI;ALTO VALE DO PARAIBA;RRAS17
279;352450;JACI;JOSE BONIFACIO;RRAS12
280;352460;JACUPIRANGA;VALE DO RIBEIRA;RRAS07
281;352470;JAGUARIUNA;REG METRO CAMPINAS;RRAS15
282;352480;JALES;JALES;RRAS12
283;352490;JAMBEIRO;ALTO VALE DO PARAIBA;RRAS17
284;352500;JANDIRA;ROTA DOS BANDEIRANTES;RRAS05
285;352510;JARDINOPOLIS;AQUIFERO GUARANI;RRAS13
286;352520;JARINU;JUNDIAI;RRAS16
287;352530;JAU;JAU;RRAS09
288;352540;JERIQUARA;TRES COLINAS;RRAS13
289;352550;JOANOPOLIS;BRAGANCA;RRAS16
290;352560;JOAO RAMALHO;ALTO CAPIVARI;RRAS11
291;352570;JOSE BONIFACIO;JOSE BONIFACIO;RRAS12
292;352580;JULIO MESQUITA;MARILIA;RRAS10
293;352585;JUMIRIM;SOROCABA;RRAS08
294;352590;JUNDIAI;JUNDIAI;RRAS16
295;352600;JUNQUEIROPOLIS;ALTA PAULISTA;RRAS11
296;352610;JUQUIA;VALE DO RIBEIRA;RRAS07
297;352620;JUQUITIBA;MANANCIAIS;RRAS04
298;352630;LAGOINHA;VALE PARAIBA REGIAO SERRANA;RRAS17
299;352640;LARANJAL PAULISTA;POLO CUESTA;RRAS09
300;352650;LAVINIA;LAGOS DO DRS II;RRAS19
301;352660;LAVRINHAS;CIRCUITO DA FE VALE HISTORICO;RRAS17
302;352670;LEME;ARARAS;RRAS14
303;352680;LENCOIS PAULISTA;BAURU;RRAS09
304;352690;LIMEIRA;LIMEIRA;RRAS14
305;352700;LINDOIA;CIRCUITO DAS AGUAS;RRAS15
306;352710;LINS;LINS;RRAS09
307;352720;LORENA;CIRCUITO DA FE VALE HISTORICO;RRAS17
308;352725;LOURDES;CONSORCIOS DO DRS II;RRAS19
309;352730;LOUVEIRA;JUNDIAI;RRAS16
310;352740;LUCELIA;ADAMANTINA ;RRAS10
311;352750;LUCIANOPOLIS;BAURU;RRAS09
312;352760;LUIS ANTONIO;AQUIFERO GUARANI;RRAS13
313;352770;LUIZIANIA;CONSORCIOS DO DRS II;RRAS19
314;352780;LUPERCIO;MARILIA;RRAS10
315;352790;LUTECIA;ASSIS;RRAS10
316;352800;MACATUBA;BAURU;RRAS09
317;352810;MACAUBAL;VOTUPORANGA;RRAS12
318;352820;MACEDONIA;FERNANDOPOLIS;RRAS12
319;352830;MAGDA;VOTUPORANGA;RRAS12
320;352840;MAIRINQUE;SOROCABA;RRAS08
321;352850;MAIRIPORA;FRANCO DA ROCHA;RRAS03
322;352860;MANDURI;VALE DO JURUMIRIM;RRAS09
323;352870;MARABA PAULISTA;EXTREMO OESTE PAULISTA;RRAS11
324;352880;MARACAI;ASSIS;RRAS10
325;352885;MARAPOAMA;CATANDUVA;RRAS12
326;352890;MARIAPOLIS;ADAMANTINA ;RRAS10
327;352900;MARILIA;MARILIA;RRAS10
328;352910;MARINOPOLIS;JALES;RRAS12
329;352920;MARTINOPOLIS;ALTA SOROCABANA;RRAS11
330;352930;MATAO;NOROESTE DRS III;RRAS18
331;352940;MAUA;GRANDE ABC;RRAS01
332;352950;MENDONCA;JOSE BONIFACIO;RRAS12
333;352960;MERIDIANO;FERNANDOPOLIS;RRAS12
334;352965;MESOPOLIS;JALES;RRAS12
335;352970;MIGUELOPOLIS;ALTA MOGIANA;RRAS13
336;352980;MINEIROS DO TIETE;JAU;RRAS09
337;352990;MIRACATU;VALE DO RIBEIRA;RRAS07
338;353000;MIRA ESTRELA;FERNANDOPOLIS;RRAS12
339;353010;MIRANDOPOLIS;LAGOS DO DRS II;RRAS19
340;353020;MIRANTE DO PARANAPANEMA;PONTAL DO PARANAPANEMA;RRAS11
341;353030;MIRASSOL;SAO JOSE DO RIO PRETO;RRAS12
342;353040;MIRASSOLANDIA;SAO JOSE DO RIO PRETO;RRAS12
343;353050;MOCOCA;RIO PARDO;RRAS15
344;353060;MOGI DAS CRUZES;ALTO DO TIETE;RRAS02
345;353070;MOGI GUACU;BAIXA MOGIANA;RRAS15
346;353080;MOGI MIRIM;BAIXA MOGIANA;RRAS15
347;353090;MOMBUCA;PIRACICABA;RRAS14
348;353100;MONCOES;VOTUPORANGA;RRAS12
349;353110;MONGAGUA;BAIXADA SANTISTA;RRAS07
350;353120;MONTE ALEGRE DO SUL;CIRCUITO DAS AGUAS;RRAS15
351;353130;MONTE ALTO;HORIZONTE VERDE;RRAS13
352;353140;MONTE APRAZIVEL;JOSE BONIFACIO;RRAS12
353;353150;MONTE AZUL PAULISTA;SUL BARRETOS;RRAS13
354;353160;MONTE CASTELO;ALTA PAULISTA;RRAS11
355;353170;MONTEIRO LOBATO;ALTO VALE DO PARAIBA;RRAS17
356;353180;MONTE MOR;REG METRO CAMPINAS;RRAS15
357;353190;MORRO AGUDO;ALTA ANHANGUERA;RRAS13
358;353200;MORUNGABA;REG METRO CAMPINAS;RRAS15
359;353205;MOTUCA;CENTRAL DO DRS III;RRAS18
360;353210;MURUTINGA DO SUL;LAGOS DO DRS II;RRAS19
361;353215;NANTES;ALTO CAPIVARI;RRAS11
362;353220;NARANDIBA;ALTA SOROCABANA;RRAS11
363;353230;NATIVIDADE DA SERRA;VALE PARAIBA REGIAO SERRANA;RRAS17
364;353240;NAZARE PAULISTA;BRAGANCA;RRAS16
365;353250;NEVES PAULISTA;SAO JOSE DO RIO PRETO;RRAS12
366;353260;NHANDEARA;VOTUPORANGA;RRAS12
367;353270;NIPOA;JOSE BONIFACIO;RRAS12
368;353280;NOVA ALIANCA;SAO JOSE DO RIO PRETO;RRAS12
369;353282;NOVA CAMPINA;ITAPEVA;RRAS08
370;353284;NOVA CANAA PAULISTA;SANTA FE DO SUL;RRAS12
371;353286;NOVA CASTILHO;CENTRAL DO DRS II;RRAS19
372;353290;NOVA EUROPA;NOROESTE DRS III;RRAS18
373;353300;NOVA GRANADA;SAO JOSE DO RIO PRETO;RRAS12
374;353310;NOVA GUATAPORANGA;ALTA PAULISTA;RRAS11
375;353320;NOVA INDEPENDENCIA;LAGOS DO DRS II;RRAS19
376;353325;NOVAIS;CATANDUVA;RRAS12
377;353330;NOVA LUZITANIA;CENTRAL DO DRS II;RRAS19
378;353340;NOVA ODESSA;REG METRO CAMPINAS;RRAS15
379;353350;NOVO HORIZONTE;CATANDUVA;RRAS12
380;353360;NUPORANGA;ALTA ANHANGUERA;RRAS13
381;353370;OCAUCU;MARILIA;RRAS10
382;353380;OLEO;OURINHOS;RRAS10
383;353390;OLIMPIA;NORTE BARRETOS;RRAS13
384;353400;ONDA VERDE;SAO JOSE DO RIO PRETO;RRAS12
385;353410;ORIENTE;MARILIA;RRAS10
386;353420;ORINDIUVA;SAO JOSE DO RIO PRETO;RRAS12
387;353430;ORLANDIA;ALTA ANHANGUERA;RRAS13
388;353440;OSASCO;ROTA DOS BANDEIRANTES;RRAS05
389;353450;OSCAR BRESSANE;MARILIA;RRAS10
390;353460;OSVALDO CRUZ;ADAMANTINA ;RRAS10
391;353470;OURINHOS;OURINHOS;RRAS10
392;353475;OUROESTE;FERNANDOPOLIS;RRAS12
393;353480;OURO VERDE;ALTA PAULISTA;RRAS11
394;353490;PACAEMBU;ADAMANTINA ;RRAS10
395;353500;PALESTINA;SAO JOSE DO RIO PRETO;RRAS12
396;353510;PALMARES PAULISTA;CATANDUVA;RRAS12
397;353520;PALMEIRA DOESTE;JALES;RRAS12
398;353530;PALMITAL;ASSIS;RRAS10
399;353540;PANORAMA;ALTA PAULISTA;RRAS11
400;353550;PARAGUACU PAULISTA;ASSIS;RRAS10
401;353560;PARAIBUNA;ALTO VALE DO PARAIBA;RRAS17
402;353570;PARAISO;CATANDUVA;RRAS12
403;353580;PARANAPANEMA;VALE DO JURUMIRIM;RRAS09
404;353590;PARANAPUA;JALES;RRAS12
405;353600;PARAPUA;TUPA;RRAS10
406;353610;PARDINHO;POLO CUESTA;RRAS09
407;353620;PARIQUERA ACU;VALE DO RIBEIRA;RRAS07
408;353625;PARISI;VOTUPORANGA;RRAS12
409;353630;PATROCINIO PAULISTA;TRES COLINAS;RRAS13
410;353640;PAULICEIA;ALTA PAULISTA;RRAS11
411;353650;PAULINIA;REG METRO CAMPINAS;RRAS15
412;353657;PAULISTANIA;BAURU;RRAS09
413;353660;PAULO DE FARIA;SAO JOSE DO RIO PRETO;RRAS12
414;353670;PEDERNEIRAS;BAURU;RRAS09
415;353680;PEDRA BELA;BRAGANCA;RRAS16
416;353690;PEDRANOPOLIS;FERNANDOPOLIS;RRAS12
417;353700;PEDREGULHO;TRES COLINAS;RRAS13
418;353710;PEDREIRA;REG METRO CAMPINAS;RRAS15
419;353715;PEDRINHAS PAULISTA;ASSIS;RRAS10
420;353720;PEDRO DE TOLEDO;VALE DO RIBEIRA;RRAS07
421;353730;PENAPOLIS;CONSORCIOS DO DRS II;RRAS19
422;353740;PEREIRA BARRETO;LAGOS DO DRS II;RRAS19
423;353750;PEREIRAS;POLO CUESTA;RRAS09
424;353760;PERUIBE;BAIXADA SANTISTA;RRAS07
425;353770;PIACATU;CONSORCIOS DO DRS II;RRAS19
426;353780;PIEDADE;SOROCABA;RRAS08
427;353790;PILAR DO SUL;SOROCABA;RRAS08
428;353800;PINDAMONHANGABA;VALE PARAIBA REGIAO SERRANA;RRAS17
429;353810;PINDORAMA;CATANDUVA;RRAS12
430;353820;PINHALZINHO;BRAGANCA;RRAS16
431;353830;PIQUEROBI;EXTREMO OESTE PAULISTA;RRAS11
432;353850;PIQUETE;CIRCUITO DA FE VALE HISTORICO;RRAS17
433;353860;PIRACAIA;BRAGANCA;RRAS16
434;353870;PIRACICABA;PIRACICABA;RRAS14
435;353880;PIRAJU;VALE DO JURUMIRIM;RRAS09
436;353890;PIRAJUI;BAURU;RRAS09
437;353900;PIRANGI;CATANDUVA;RRAS12
438;353910;PIRAPORA DO BOM JESUS;ROTA DOS BANDEIRANTES;RRAS05
439;353920;PIRAPOZINHO;ALTA SOROCABANA;RRAS11
440;353930;PIRASSUNUNGA;ARARAS;RRAS14
441;353940;PIRATININGA;BAURU;RRAS09
442;353950;PITANGUEIRAS;HORIZONTE VERDE;RRAS13
443;353960;PLANALTO;JOSE BONIFACIO;RRAS12
444;353970;PLATINA;ASSIS;RRAS10
445;353980;POA;ALTO DO TIETE;RRAS02
446;353990;POLONI;JOSE BONIFACIO;RRAS12
447;354000;POMPEIA;MARILIA;RRAS10
448;354010;PONGAI;LINS;RRAS09
449;354020;PONTAL;HORIZONTE VERDE;RRAS13
450;354025;PONTALINDA;JALES;RRAS12
451;354030;PONTES GESTAL;VOTUPORANGA;RRAS12
452;354040;POPULINA;FERNANDOPOLIS;RRAS12
453;354050;PORANGABA;POLO CUESTA;RRAS09
454;354060;PORTO FELIZ;SOROCABA;RRAS08
455;354070;PORTO FERREIRA;CORACAO DO DRS III;RRAS18
456;354075;POTIM;CIRCUITO DA FE VALE HISTORICO;RRAS17
457;354080;POTIRENDABA;SAO JOSE DO RIO PRETO;RRAS12
458;354085;PRACINHA;ADAMANTINA ;RRAS10
459;354090;PRADOPOLIS;HORIZONTE VERDE;RRAS13
460;354100;PRAIA GRANDE;BAIXADA SANTISTA;RRAS07
461;354105;PRATANIA;POLO CUESTA;RRAS09
462;354110;PRESIDENTE ALVES;BAURU;RRAS09
463;354120;PRESIDENTE BERNARDES;ALTA SOROCABANA;RRAS11
464;354130;PRESIDENTE EPITACIO;EXTREMO OESTE PAULISTA;RRAS11
465;354140;PRESIDENTE PRUDENTE;ALTA SOROCABANA;RRAS11
466;354150;PRESIDENTE VENCESLAU;EXTREMO OESTE PAULISTA;RRAS11
467;354160;PROMISSAO;LINS;RRAS09
468;354165;QUADRA;ITAPETININGA;RRAS08
469;354170;QUATA;ALTO CAPIVARI;RRAS11
470;354180;QUEIROZ;TUPA;RRAS10
471;354190;QUELUZ;CIRCUITO DA FE VALE HISTORICO;RRAS17
472;354200;QUINTANA;MARILIA;RRAS10
473;354210;RAFARD;PIRACICABA;RRAS14
474;354220;RANCHARIA;ALTO CAPIVARI;RRAS11
475;354230;REDENCAO DA SERRA;VALE PARAIBA REGIAO SERRANA;RRAS17
476;354240;REGENTE FEIJO;ALTA SOROCABANA;RRAS11
477;354250;REGINOPOLIS;BAURU;RRAS09
478;354260;REGISTRO;VALE DO RIBEIRA;RRAS07
479;354270;RESTINGA;TRES COLINAS;RRAS13
480;354280;RIBEIRA;ITAPEVA;RRAS08
481;354290;RIBEIRAO BONITO;CORACAO DO DRS III;RRAS18
482;354300;RIBEIRAO BRANCO;ITAPEVA;RRAS08
483;354310;RIBEIRAO CORRENTE;TRES COLINAS;RRAS13
484;354320;RIBEIRAO DO SUL;OURINHOS;RRAS10
485;354323;RIBEIRAO DOS INDIOS;ALTA SOROCABANA;RRAS11
486;354325;RIBEIRAO GRANDE;ITAPETININGA;RRAS08
487;354330;RIBEIRAO PIRES;GRANDE ABC;RRAS01
488;354340;RIBEIRAO PRETO;AQUIFERO GUARANI;RRAS13
489;354350;RIVERSUL;ITAPEVA;RRAS08
490;354360;RIFAINA;TRES COLINAS;RRAS13
491;354370;RINCAO;CENTRAL DO DRS III;RRAS18
492;354380;RINOPOLIS;TUPA;RRAS10
493;354390;RIO CLARO;RIO CLARO;RRAS14
494;354400;RIO DAS PEDRAS;PIRACICABA;RRAS14
495;354410;RIO GRANDE DA SERRA;GRANDE ABC;RRAS01
496;354420;RIOLANDIA;VOTUPORANGA;RRAS12
497;354425;ROSANA;PONTAL DO PARANAPANEMA;RRAS11
498;354430;ROSEIRA;CIRCUITO DA FE VALE HISTORICO;RRAS17
499;354440;RUBIACEA;CENTRAL DO DRS II;RRAS19
500;354450;RUBINEIA;SANTA FE DO SUL;RRAS12
501;354460;SABINO;LINS;RRAS09
502;354470;SAGRES;ADAMANTINA ;RRAS10
503;354480;SALES;CATANDUVA;RRAS12
504;354490;SALES OLIVEIRA;ALTA ANHANGUERA;RRAS13
505;354500;SALESOPOLIS;ALTO DO TIETE;RRAS02
506;354510;SALMOURAO;ADAMANTINA ;RRAS10
507;354515;SALTINHO;PIRACICABA;RRAS14
508;354520;SALTO;SOROCABA;RRAS08
509;354530;SALTO DE PIRAPORA;SOROCABA;RRAS08
510;354540;SALTO GRANDE;OURINHOS;RRAS10
511;354550;SANDOVALINA;ALTA SOROCABANA;RRAS11
512;354560;SANTA ADELIA;CATANDUVA;RRAS12
513;354570;SANTA ALBERTINA;JALES;RRAS12
514;354580;SANTA BARBARA DOESTE;REG METRO CAMPINAS;RRAS15
515;354600;SANTA BRANCA;ALTO VALE DO PARAIBA;RRAS17
516;354610;SANTA CLARA DOESTE;SANTA FE DO SUL;RRAS12
517;354620;SANTA CRUZ DA CONCEICAO;ARARAS;RRAS14
518;354625;SANTA CRUZ DA ESPERANCA;VALE DAS CACHOEIRAS;RRAS13
519;354630;SANTA CRUZ DAS PALMEIRAS;MANTIQUEIRA;RRAS15
520;354640;SANTA CRUZ DO RIO PARDO;OURINHOS;RRAS10
521;354650;SANTA ERNESTINA;NOROESTE DRS III;RRAS18
522;354660;SANTA FE DO SUL;SANTA FE DO SUL;RRAS12
523;354670;SANTA GERTRUDES;RIO CLARO;RRAS14
524;354680;SANTA ISABEL;ALTO DO TIETE;RRAS02
525;354690;SANTA LUCIA;CENTRAL DO DRS III;RRAS18
526;354700;SANTA MARIA DA SERRA;PIRACICABA;RRAS14
527;354710;SANTA MERCEDES;ALTA PAULISTA;RRAS11
528;354720;SANTANA DA PONTE PENSA;JALES;RRAS12
529;354730;SANTANA DE PARNAIBA;ROTA DOS BANDEIRANTES;RRAS05
530;354740;SANTA RITA DOESTE;SANTA FE DO SUL;RRAS12
531;354750;SANTA RITA DO PASSA QUATRO;AQUIFERO GUARANI;RRAS13
532;354760;SANTA ROSA DE VITERBO;AQUIFERO GUARANI;RRAS13
533;354765;SANTA SALETE;JALES;RRAS12
534;354770;SANTO ANASTACIO;ALTA SOROCABANA;RRAS11
535;354780;SANTO ANDRE;GRANDE ABC;RRAS01
536;354790;SANTO ANTONIO DA ALEGRIA;VALE DAS CACHOEIRAS;RRAS13
537;354800;SANTO ANTONIO DE POSSE;REG METRO CAMPINAS;RRAS15
538;354805;SANTO ANTONIO DO ARACANGUA;CENTRAL DO DRS II;RRAS19
539;354810;SANTO ANTONIO DO JARDIM;MANTIQUEIRA;RRAS15
540;354820;SANTO ANTONIO DO PINHAL;VALE PARAIBA REGIAO SERRANA;RRAS17
541;354830;SANTO EXPEDITO;ALTA SOROCABANA;RRAS11
542;354840;SANTOPOLIS DO AGUAPEI;CONSORCIOS DO DRS II;RRAS19
543;354850;SANTOS;BAIXADA SANTISTA;RRAS07
544;354860;SAO BENTO DO SAPUCAI;VALE PARAIBA REGIAO SERRANA;RRAS17
545;354870;SAO BERNARDO DO CAMPO;GRANDE ABC;RRAS01
546;354880;SAO CAETANO DO SUL;GRANDE ABC;RRAS01
547;354890;SAO CARLOS;CORACAO DO DRS III;RRAS18
548;354900;SAO FRANCISCO;JALES;RRAS12
549;354910;SAO JOAO DA BOA VISTA;MANTIQUEIRA;RRAS15
550;354920;SAO JOAO DAS DUAS PONTES;FERNANDOPOLIS;RRAS12
551;354925;SAO JOAO DE IRACEMA;FERNANDOPOLIS;RRAS12
552;354930;SAO JOAO DO PAU DALHO;ALTA PAULISTA;RRAS11
553;354940;SAO JOAQUIM DA BARRA;ALTA ANHANGUERA;RRAS13
554;354950;SAO JOSE DA BELA VISTA;TRES COLINAS;RRAS13
555;354960;SAO JOSE DO BARREIRO;CIRCUITO DA FE VALE HISTORICO;RRAS17
556;354970;SAO JOSE DO RIO PARDO;RIO PARDO;RRAS15
557;354980;SAO JOSE DO RIO PRETO;SAO JOSE DO RIO PRETO;RRAS12
558;354990;SAO JOSE DOS CAMPOS;ALTO VALE DO PARAIBA;RRAS17
559;354995;SAO LOURENCO DA SERRA;MANANCIAIS;RRAS04
560;355000;SAO LUIZ DO PARAITINGA;VALE PARAIBA REGIAO SERRANA;RRAS17
561;355010;SAO MANUEL;POLO CUESTA;RRAS09
562;355020;SAO MIGUEL ARCANJO;ITAPETININGA;RRAS08
563;355030;SAO PAULO;SAO PAULO;RRAS06
564;355040;SAO PEDRO;PIRACICABA;RRAS14
565;355050;SAO PEDRO DO TURVO;OURINHOS;RRAS10
566;355060;SAO ROQUE;SOROCABA;RRAS08
567;355070;SAO SEBASTIAO;LITORAL NORTE;RRAS17
568;355080;SAO SEBASTIAO DA GRAMA;RIO PARDO;RRAS15
569;355090;SAO SIMAO;AQUIFERO GUARANI;RRAS13
570;355100;SAO VICENTE;BAIXADA SANTISTA;RRAS07
571;355110;SARAPUI;ITAPETININGA;RRAS08
572;355120;SARUTAIA;VALE DO JURUMIRIM;RRAS09
573;355130;SEBASTIANOPOLIS DO SUL;VOTUPORANGA;RRAS12
574;355140;SERRA AZUL;AQUIFERO GUARANI;RRAS13
575;355150;SERRANA;AQUIFERO GUARANI;RRAS13
576;355160;SERRA NEGRA;CIRCUITO DAS AGUAS;RRAS15
577;355170;SERTAOZINHO;HORIZONTE VERDE;RRAS13
578;355180;SETE BARRAS;VALE DO RIBEIRA;RRAS07
579;355190;SEVERINIA;NORTE BARRETOS;RRAS13
580;355200;SILVEIRAS;CIRCUITO DA FE VALE HISTORICO;RRAS17
581;355210;SOCORRO;BRAGANCA;RRAS16
582;355220;SOROCABA;SOROCABA;RRAS08
583;355230;SUD MENNUCCI;LAGOS DO DRS II;RRAS19
584;355240;SUMARE;REG METRO CAMPINAS;RRAS15
585;355250;SUZANO;ALTO DO TIETE;RRAS02
586;355255;SUZANAPOLIS;LAGOS DO DRS II;RRAS19
587;355260;TABAPUA;CATANDUVA;RRAS12
588;355270;TABATINGA;NOROESTE DRS III;RRAS18
589;355280;TABOAO DA SERRA;MANANCIAIS;RRAS04
590;355290;TACIBA;ALTA SOROCABANA;RRAS11
591;355300;TAGUAI;VALE DO JURUMIRIM;RRAS09
592;355310;TAIACU;SUL BARRETOS;RRAS13
593;355320;TAIUVA;SUL BARRETOS;RRAS13
594;355330;TAMBAU;MANTIQUEIRA;RRAS15
595;355340;TANABI;SAO JOSE DO RIO PRETO;RRAS12
596;355350;TAPIRAI;SOROCABA;RRAS08
597;355360;TAPIRATIBA;RIO PARDO;RRAS15
598;355365;TAQUARAL;SUL BARRETOS;RRAS13
599;355370;TAQUARITINGA;NOROESTE DRS III;RRAS18
600;355380;TAQUARITUBA;VALE DO JURUMIRIM;RRAS09
601;355385;TAQUARIVAI;ITAPEVA;RRAS08
602;355390;TARABAI;ALTA SOROCABANA;RRAS11
603;355395;TARUMA;ASSIS;RRAS10
604;355400;TATUI;ITAPETININGA;RRAS08
605;355410;TAUBATE;VALE PARAIBA REGIAO SERRANA;RRAS17
606;355420;TEJUPA;VALE DO JURUMIRIM;RRAS09
607;355430;TEODORO SAMPAIO;PONTAL DO PARANAPANEMA;RRAS11
608;355440;TERRA ROXA;SUL BARRETOS;RRAS13
609;355450;TIETE;SOROCABA;RRAS08
610;355460;TIMBURI;OURINHOS;RRAS10
611;355465;TORRE DE PEDRA;POLO CUESTA;RRAS09
612;355470;TORRINHA;JAU;RRAS09
613;355475;TRABIJU;CENTRAL DO DRS III;RRAS18
614;355480;TREMEMBE;VALE PARAIBA REGIAO SERRANA;RRAS17
615;355490;TRES FRONTEIRAS;SANTA FE DO SUL;RRAS12
616;355495;TUIUTI;BRAGANCA;RRAS16
617;355500;TUPA;TUPA;RRAS10
618;355510;TUPI PAULISTA;ALTA PAULISTA;RRAS11
619;355520;TURIUBA;CONSORCIOS DO DRS II;RRAS19
620;355530;TURMALINA;FERNANDOPOLIS;RRAS12
621;355535;UBARANA;JOSE BONIFACIO;RRAS12
622;355540;UBATUBA;LITORAL NORTE;RRAS17
623;355550;UBIRAJARA;MARILIA;RRAS10
624;355560;UCHOA;SAO JOSE DO RIO PRETO;RRAS12
625;355570;UNIAO PAULISTA;JOSE BONIFACIO;RRAS12
626;355580;URANIA;JALES;RRAS12
627;355590;URU;LINS;RRAS09
628;355600;URUPES;CATANDUVA;RRAS12
629;355610;VALENTIM GENTIL;VOTUPORANGA;RRAS12
630;355620;VALINHOS;REG METRO CAMPINAS;RRAS15
631;355630;VALPARAISO;CENTRAL DO DRS II;RRAS19
632;355635;VARGEM;BRAGANCA;RRAS16
633;355640;VARGEM GRANDE DO SUL;MANTIQUEIRA;RRAS15
634;355645;VARGEM GRANDE PAULISTA;MANANCIAIS;RRAS04
635;355650;VARZEA PAULISTA;JUNDIAI;RRAS16
636;355660;VERA CRUZ;MARILIA;RRAS10
637;355670;VINHEDO;REG METRO CAMPINAS;RRAS15
638;355680;VIRADOURO;SUL BARRETOS;RRAS13
639;355690;VISTA ALEGRE DO ALTO;SUL BARRETOS;RRAS13
640;355695;VITORIA BRASIL;JALES;RRAS12
641;355700;VOTORANTIM;SOROCABA;RRAS08
642;355710;VOTUPORANGA;VOTUPORANGA;RRAS12
643;355715;ZACARIAS;JOSE BONIFACIO;RRAS12
644;355720;CHAVANTES;OURINHOS;RRAS10
645;355730;ESTIVA GERBI;BAIXA MOGIANA;RRAS15
